{
  "Name": "UK - TC North/TC Mids",
  "Composites": [
    {
      "Name": "Stansted",
      "Identifier": "EGSS",
      "AtisType": 0,
      "codeRange": {
        "low": "A",
        "high": "Z"
      },
      "AtisFrequency": 27180,
      "AtisVoice": {
        "UseTextToSpeech": true,
        "Voice": "UK Male"
      },
      "idsEndpoint": "",
      "useNotamPrefix": false,
      "useDecimalTerminology": true,
      "airportConditionsBeforeFreeText": false,
      "notamsBeforeFreeText": false,
      "Presets": [
        {
          "Name": "RUNWAY 22 (LTC_N_CTR)",
          "AirportConditions": "DEPARTING AIRCRAFT MAKE INITIAL CONTACT WITH LONDON CONTROL ON 119.775",
          "ArbitraryText": null,
          "Template": "THIS IS [FACILITY] INFORMATION [ATIS_CODE] AT TIME [OBS_TIME]. AUTOMATIC. RUNWAY 22 IN USE. [TL]. [NOTAMS]. [ARPT_COND]. [WIND]. [VIS]. [RVR]. [PRESENT_WX]. [CLOUDS]. [TEMP]. [DEW]. [PRESSURE]. ACKNOWLEDGE RECEIPT OF INFORMATION [ATIS_CODE] AND ADVISE AIRCRAFT TYPE ON FIRST CONTACT."
        },
        {
          "Name": "RUNWAY 04 (LTC_N_CTR)",
          "AirportConditions": "DEPARTING AIRCRAFT MAKE INITIAL CONTACT WITH LONDON CONTROL ON 119.775",
          "ArbitraryText": null,
          "Template": "THIS IS [FACILITY] INFORMATION [ATIS_CODE] AT TIME [OBS_TIME]. AUTOMATIC. RUNWAY 04 IN USE. [TL]. [NOTAMS]. [ARPT_COND]. [WIND]. [VIS]. [RVR]. [PRESENT_WX]. [CLOUDS]. [TEMP]. [DEW]. [PRESSURE]. ACKNOWLEDGE RECEIPT OF INFORMATION [ATIS_CODE] AND ADVISE AIRCRAFT TYPE ON FIRST CONTACT."
        },
        {
          "Name": "RUNWAY 22 (LTC_NE_CTR)",
          "AirportConditions": "DEPARTING AIRCRAFT MAKE INITIAL CONTACT WITH LONDON CONTROL ON 118.825",
          "ArbitraryText": null,
          "Template": "THIS IS [FACILITY] INFORMATION [ATIS_CODE] AT TIME [OBS_TIME]. AUTOMATIC. RUNWAY 22 IN USE. [TL]. [NOTAMS]. [ARPT_COND]. [WIND]. [VIS]. [RVR]. [PRESENT_WX]. [CLOUDS]. [TEMP]. [DEW]. [PRESSURE]. ACKNOWLEDGE RECEIPT OF INFORMATION [ATIS_CODE] AND ADVISE AIRCRAFT TYPE ON FIRST CONTACT."
        },
        {
          "Name": "RUNWAY 04 (LTC_NE_CTR)",
          "AirportConditions": "DEPARTING AIRCRAFT MAKE INITIAL CONTACT WITH LONDON CONTROL ON 118.825",
          "ArbitraryText": null,
          "Template": "THIS IS [FACILITY] INFORMATION [ATIS_CODE] AT TIME [OBS_TIME]. AUTOMATIC. RUNWAY 04 IN USE. [TL]. [NOTAMS]. [ARPT_COND]. [WIND]. [VIS]. [RVR]. [PRESENT_WX]. [CLOUDS]. [TEMP]. [DEW]. [PRESSURE]. ACKNOWLEDGE RECEIPT OF INFORMATION [ATIS_CODE] AND ADVISE AIRCRAFT TYPE ON FIRST CONTACT."
        },
        {
          "Name": "RUNWAY 22 (LTC_E_CTR)",
          "AirportConditions": "DEPARTING AIRCRAFT MAKE INITIAL CONTACT WITH LONDON CONTROL ON 121.225",
          "ArbitraryText": null,
          "Template": "THIS IS [FACILITY] INFORMATION [ATIS_CODE] AT TIME [OBS_TIME]. AUTOMATIC. RUNWAY 22 IN USE. [TL]. [NOTAMS]. [ARPT_COND]. [WIND]. [VIS]. [RVR]. [PRESENT_WX]. [CLOUDS]. [TEMP]. [DEW]. [PRESSURE]. ACKNOWLEDGE RECEIPT OF INFORMATION [ATIS_CODE] AND ADVISE AIRCRAFT TYPE ON FIRST CONTACT."
        },
        {
          "Name": "RUNWAY 04 (LTC_E_CTR)",
          "AirportConditions": "DEPARTING AIRCRAFT MAKE INITIAL CONTACT WITH LONDON CONTROL ON 121.225",
          "ArbitraryText": null,
          "Template": "THIS IS [FACILITY] INFORMATION [ATIS_CODE] AT TIME [OBS_TIME]. AUTOMATIC. RUNWAY 04 IN USE. [TL]. [NOTAMS]. [ARPT_COND]. [WIND]. [VIS]. [RVR]. [PRESENT_WX]. [CLOUDS]. [TEMP]. [DEW]. [PRESSURE]. ACKNOWLEDGE RECEIPT OF INFORMATION [ATIS_CODE] AND ADVISE AIRCRAFT TYPE ON FIRST CONTACT."
        }

      ],
      "Contractions": [
        {
          "String": "HPA",
          "Spoken": "HECTO-PASKALS"
        },
        {
          "String": "RNAV",
          "Spoken": "ARE-NAV"
        },
        {
          "String": "CAVOK",
          "Spoken": "CAV-OH-KAY"
        },
        {
          "String": "RNP",
          "Spoken": "ARE-ENN-PEE"
        },
        {
          "String": "WIP",
          "Spoken": "WORK-IN-PROGRESS"
        },
        {
          "String": "ILS",
          "Spoken": "EYE-ELL-ESS"
        },
        {
          "String": "ATC",
          "Spoken": "AY-TEE-SEE"
        },
        {
          "String": "DATALINK",
          "Spoken": "DATA-LINK"
        },
        {
          "string": "CPT",
          "spoken": "COMPTON"
        },
        {
          "string": "SRO",
          "spoken": "SINGLE RUNWAY OPERATIONS"
        }

      ],
      "AirportConditionDefinitions": [],
      "AirportConditionsBeforeFreeText": false,
      "NotamDefinitions": [
        {
          "Ordinal": 1,
          "Text": ".ATC LOW VISIBILITY PROCEDURES IN FORCE.",
          "Enabled": false
        },
        {
          "Ordinal": 2,
          "Text": ".DATALINK CLEARANCES ARE AVAILABLE.",
          "Enabled": true
        },
        {
          "ordinal": 3,
          "text": ".WINDSHEAR REPORTED ON DEPARTURE.",
          "enabled": false
        },
        {
          "Ordinal": 4,
          "Text": ".THE RNP YANKEE PROCEDURE IS NOT AVAILABLE.",
          "Enabled": true
        }
      ],
      "atisFormat": {
        "observationTime": {
          "template": {
            "text": "{time}Z",
            "voice": "{time} ZULU {special}"
          }
        },
        "surfaceWind": {
          "speakLeadingZero": false,
          "magneticVariation": {
            "enabled": false,
            "magneticDegrees": 0
          },
          "standard": {
            "template": {
              "text": "{wind_dir}/{wind_spd}KT",
              "voice": "SURFACE WIND {wind_dir} DEGREES {wind_spd} KNOTS"
            }
          },
          "standardGust": {
            "template": {
              "text": "{wind_dir}/{wind_spd}G{wind_gust}KT",
              "voice": "SURFACE WIND {wind_dir} DEGREES {wind_spd} GUSTING {wind_gust} KNOTS"
            }
          },
          "variable": {
            "template": {
              "text": "VRB{wind_spd}KT",
              "voice": "SURFACE WIND VARIABLE {wind_spd} KNOTS"
            }
          },
          "variableGust": {
            "template": {
              "text": "VRB{wind_spd}G{wind_gust}KT",
              "voice": "SURFACE WIND VARIABLE {wind_spd} GUSTING {wind_gust} KNOTS"
            }
          },
          "variableDirection": {
            "template": {
              "text": "{wind_vmin}V{wind_vmax}",
              "voice": "WIND VARIABLE BETWEEN {wind_vmin} AND {wind_vmax} DEGREES"
            }
          },
          "calm": {
            "calmWindSpeed": 3,
            "template": {
              "text": "{wind}",
              "voice": "SURFACE WIND CALM"
            }
          }
        },
        "visibility": {
          "north": "to the north",
          "northEast": "to the north-east",
          "east": "to the east",
          "southEast": "to the south-east",
          "south": "to the south",
          "southWest": "to the south-west",
          "west": "to the west",
          "northWest": "to the north-west",
          "unlimitedVisibilityVoice": "visibility 10 kilometers or more",
          "unlimitedVisibilityText": "VIS 10KM",
          "includeVisibilitySuffix": true,
          "metersCutoff": 9000,
          "template": {
            "text": "{visibility}",
            "voice": "VISIBILITY {visibility}"
          }
        },
        "presentWeather": {
          "lightIntensity": "light",
          "moderateIntensity": "",
          "heavyIntensity": "heavy",
          "vicinity": "in vicinity",
          "weatherTypes": {
            "DZ": "drizzle",
            "RA": "rain",
            "SN": "snow",
            "SG": "snow grains",
            "IC": "ice crystals",
            "PL": "ice pellets",
            "GR": "hail",
            "GS": "small hail",
            "UP": "unknown precipitation",
            "BR": "mist",
            "FG": "fog",
            "FU": "smoke",
            "VA": "volcanic ash",
            "DU": "widespread dust",
            "SA": "sand",
            "HZ": "haze",
            "PY": "spray",
            "PO": "well developed dust, sand whirls",
            "SQ": "squalls",
            "FC": "funnel cloud tornado waterspout",
            "SS": "sandstorm",
            "DS": "dust storm"
          },
          "weatherDescriptors": {
            "PR": "partial",
            "BC": "patches",
            "MI": "shallow",
            "DR": "low drifting",
            "BL": "blowing",
            "SH": "showers",
            "TS": "thunderstorm",
            "FZ": "freezing"
          },
          "template": {
            "text": "{weather}",
            "voice": "{weather}"
          }
        },
        "clouds": {
          "identifyCeilingLayer": false,
          "convertToMetric": false,
          "undeterminedLayerAltitude": {
            "text": "undetermined",
            "voice": "undetermined"
          },
          "types": {
            "FEW": {
              "$type": "Vatsim.Vatis.Profiles.AtisFormat.Nodes.CloudType, vATIS",
              "text": "FEW{altitude}",
              "voice": "Clouds few at {altitude} feet"
            },
            "SCT": {
              "$type": "Vatsim.Vatis.Profiles.AtisFormat.Nodes.CloudType, vATIS",
              "text": "SCT{altitude}{convective}",
              "voice": "Clouds scattered {convective} at {altitude} feet"
            },
            "BKN": {
              "$type": "Vatsim.Vatis.Profiles.AtisFormat.Nodes.CloudType, vATIS",
              "text": "BKN{altitude}{convective}",
              "voice": "Clouds broken {convective} at {altitude} feet"
            },
            "OVC": {
              "$type": "Vatsim.Vatis.Profiles.AtisFormat.Nodes.CloudType, vATIS",
              "text": "OVC{altitude}{convective}",
              "voice": "Clouds overcast {convective} at {altitude} feet"
            },
            "VV": {
              "$type": "Vatsim.Vatis.Profiles.AtisFormat.Nodes.CloudType, vATIS",
              "text": "VV{altitude}",
              "voice": "indefinite ceiling {altitude}"
            },
            "NSC": {
              "$type": "Vatsim.Vatis.Profiles.AtisFormat.Nodes.CloudType, vATIS",
              "text": "NSC",
              "voice": "no significant clouds"
            },
            "NCD": {
              "$type": "Vatsim.Vatis.Profiles.AtisFormat.Nodes.CloudType, vATIS",
              "text": "NCD",
              "voice": "no clouds detected"
            },
            "CLR": {
              "$type": "Vatsim.Vatis.Profiles.AtisFormat.Nodes.CloudType, vATIS",
              "text": "CLR",
              "voice": "sky clear"
            },
            "SKC": {
              "$type": "Vatsim.Vatis.Profiles.AtisFormat.Nodes.CloudType, vATIS",
              "text": "SKC",
              "voice": "sky clear"
            }
          },
          "convectiveTypes": {
            "CB": "cumulonimbus",
            "TCU": "towering cumulus"
          },
          "template": {
            "text": "{clouds}",
            "voice": "{clouds}"
          }
        },
        "temperature": {
          "usePlusPrefix": false,
          "pronounceLeadingZero": false,
          "template": {
            "text": "{temp}",
            "voice": "TEMPERATURE {temp}"
          }
        },
        "dewpoint": {
          "usePlusPrefix": false,
          "pronounceLeadingZero": false,
          "template": {
            "text": "{dewpoint}",
            "voice": "DEWPOINT {dewpoint}"
          }
        },
        "altimeter": {
          "pronounceDecimal": false,
          "template": {
            "text": "QNH {altimeter}",
            "voice": "QNH {altimeter}"
          }
        },
        "transitionLevel": {
          "values": [
            {
              "Low": 1050,
              "High": 1060,
              "Altitude": 60
            },
            {
              "Low": 1032,
              "High": 1049,
              "Altitude": 65
            },
            {
              "Low": 1013,
              "High": 1031,
              "Altitude": 70
            },
            {
              "Low": 995,
              "High": 1012,
              "Altitude": 75
            },
            {
              "Low": 977,
              "High": 994,
              "Altitude": 80
            },
            {
              "Low": 959,
              "High": 976,
              "Altitude": 85
            }
          ],
          "template": {
            "text": "TRANSITION LEVEL {trl}",
            "voice": "TRANSITION LEVEL. FLIGHT LEVEL {trl}."
          }
        },
        "closingStatement": {
          "autoIncludeClosingStatement": false,
          "template": {
            "text": "...ADVS YOU HAVE INFO {letter}",
            "voice": "ADVISE ON INITIAL CONTACT, YOU HAVE INFORMATION {letter|word}"
          }
        }
      },
      "NotamsBeforeFreeText": false
    },

    {
      "Name": "Luton",
      "Identifier": "EGGW",
      "AtisType": 0,
      "codeRange": {
        "low": "A",
        "high": "Z"
      },
      "AtisFrequency": 20575,
      "AtisVoice": {
        "UseTextToSpeech": true,
        "Voice": "UK Male"
      },
      "idsEndpoint": "",
      "useNotamPrefix": false,
      "useDecimalTerminology": true,
      "airportConditionsBeforeFreeText": false,
      "notamsBeforeFreeText": false,
      "Presets": [
        {
          "Name": "RUNWAY 25 (LTC_N_CTR)",
          "AirportConditions": "DEPARTING AIRCRAFT MAKE INITIAL CONTACT WITH LONDON CONTROL ON 119.775",
          "ArbitraryText": null,
          "Template": "THIS IS [FACILITY] INFORMATION [ATIS_CODE] AT TIME [OBS_TIME]. AUTOMATIC. RUNWAY 25 IN USE. [TL]. [NOTAMS]. [ARPT_COND]. [WIND]. [VIS]. [RVR]. [PRESENT_WX]. [CLOUDS]. [TEMP]. [DEW]. [PRESSURE]. ACKNOWLEDGE RECEIPT OF INFORMATION [ATIS_CODE] AND ADVISE AIRCRAFT TYPE ON FIRST CONTACT."
        },
        {
          "Name": "RUNWAY 07 (LTC_N_CTR)",
          "AirportConditions": "DEPARTING AIRCRAFT MAKE INITIAL CONTACT WITH LONDON CONTROL ON 119.775",
          "ArbitraryText": null,
          "Template": "THIS IS [FACILITY] INFORMATION [ATIS_CODE] AT TIME [OBS_TIME]. AUTOMATIC. RUNWAY 07 IN USE. [TL]. [NOTAMS]. [ARPT_COND]. [WIND]. [VIS]. [RVR]. [PRESENT_WX]. [CLOUDS]. [TEMP]. [DEW]. [PRESSURE]. ACKNOWLEDGE RECEIPT OF INFORMATION [ATIS_CODE] AND ADVISE AIRCRAFT TYPE ON FIRST CONTACT."
        },
        {
          "Name": "RUNWAY 25 (LTC_NW_CTR)",
          "AirportConditions": "DEPARTING AIRCRAFT MAKE INITIAL CONTACT WITH LONDON CONTROL ON 121.275",
          "ArbitraryText": null,
          "Template": "THIS IS [FACILITY] INFORMATION [ATIS_CODE] AT TIME [OBS_TIME]. AUTOMATIC. RUNWAY 25 IN USE. [TL]. [NOTAMS]. [ARPT_COND]. [WIND]. [VIS]. [RVR]. [PRESENT_WX]. [CLOUDS]. [TEMP]. [DEW]. [PRESSURE]. ACKNOWLEDGE RECEIPT OF INFORMATION [ATIS_CODE] AND ADVISE AIRCRAFT TYPE ON FIRST CONTACT."
        },
        {
          "Name": "RUNWAY 07 (LTC_NW_CTR)",
          "AirportConditions": "DEPARTING AIRCRAFT MAKE INITIAL CONTACT WITH LONDON CONTROL ON 121.275",
          "ArbitraryText": null,
          "Template": "THIS IS [FACILITY] INFORMATION [ATIS_CODE] AT TIME [OBS_TIME]. AUTOMATIC. RUNWAY 07 IN USE. [TL]. [NOTAMS]. [ARPT_COND]. [WIND]. [VIS]. [RVR]. [PRESENT_WX]. [CLOUDS]. [TEMP]. [DEW]. [PRESSURE]. ACKNOWLEDGE RECEIPT OF INFORMATION [ATIS_CODE] AND ADVISE AIRCRAFT TYPE ON FIRST CONTACT."
        },
        {
          "Name": "RUNWAY 25 (LTC_M_CTR)",
          "AirportConditions": "DEPARTING AIRCRAFT MAKE INITIAL CONTACT WITH LONDON CONTROL ON 121.025",
          "ArbitraryText": null,
          "Template": "THIS IS [FACILITY] INFORMATION [ATIS_CODE] AT TIME [OBS_TIME]. AUTOMATIC. RUNWAY 25 IN USE. [TL]. [NOTAMS]. [ARPT_COND]. [WIND]. [VIS]. [RVR]. [PRESENT_WX]. [CLOUDS]. [TEMP]. [DEW]. [PRESSURE]. ACKNOWLEDGE RECEIPT OF INFORMATION [ATIS_CODE] AND ADVISE AIRCRAFT TYPE ON FIRST CONTACT."
        },
        {
          "Name": "RUNWAY 07 (LTC_M_CTR)",
          "AirportConditions": "DEPARTING AIRCRAFT MAKE INITIAL CONTACT WITH LONDON CONTROL ON 121.025",
          "ArbitraryText": null,
          "Template": "THIS IS [FACILITY] INFORMATION [ATIS_CODE] AT TIME [OBS_TIME]. AUTOMATIC. RUNWAY 07 IN USE. [TL]. [NOTAMS]. [ARPT_COND]. [WIND]. [VIS]. [RVR]. [PRESENT_WX]. [CLOUDS]. [TEMP]. [DEW]. [PRESSURE]. ACKNOWLEDGE RECEIPT OF INFORMATION [ATIS_CODE] AND ADVISE AIRCRAFT TYPE ON FIRST CONTACT."
        }

      ],
      "Contractions": [
        {
          "String": "HPA",
          "Spoken": "HECTO-PASKALS"
        },
        {
          "String": "RNAV",
          "Spoken": "ARE-NAV"
        },
        {
          "String": "CAVOK",
          "Spoken": "CAV-OH-KAY"
        },
        {
          "String": "RNP",
          "Spoken": "ARE-ENN-PEE"
        },
        {
          "String": "WIP",
          "Spoken": "WORK-IN-PROGRESS"
        },
        {
          "String": "ILS",
          "Spoken": "EYE-ELL-ESS"
        },
        {
          "String": "ATC",
          "Spoken": "AY-TEE-SEE"
        },
        {
          "String": "DATALINK",
          "Spoken": "DATA-LINK"
        },
        {
          "string": "CPT",
          "spoken": "COMPTON"
        },
        {
          "string": "SRO",
          "spoken": "SINGLE RUNWAY OPERATIONS"
        }

      ],
      "AirportConditionDefinitions": [],
      "AirportConditionsBeforeFreeText": false,
      "NotamDefinitions": [
        {
          "Ordinal": 1,
          "Text": ".ATC LOW VISIBILITY PROCEDURES IN FORCE.",
          "Enabled": false
        },
        {
          "Ordinal": 2,
          "Text": ".DATALINK CLEARANCES ARE AVAILABLE.",
          "Enabled": true
        },
        {
          "ordinal": 3,
          "text": ".WINDSHEAR REPORTED ON DEPARTURE.",
          "enabled": false
        }
      ],
      "atisFormat": {
        "observationTime": {
          "template": {
            "text": "{time}Z",
            "voice": "{time} ZULU {special}"
          }
        },
        "surfaceWind": {
          "speakLeadingZero": false,
          "magneticVariation": {
            "enabled": false,
            "magneticDegrees": 0
          },
          "standard": {
            "template": {
              "text": "{wind_dir}/{wind_spd}KT",
              "voice": "SURFACE WIND {wind_dir} DEGREES {wind_spd} KNOTS"
            }
          },
          "standardGust": {
            "template": {
              "text": "{wind_dir}/{wind_spd}G{wind_gust}KT",
              "voice": "SURFACE WIND {wind_dir} DEGREES {wind_spd} GUSTING {wind_gust} KNOTS"
            }
          },
          "variable": {
            "template": {
              "text": "VRB{wind_spd}KT",
              "voice": "SURFACE WIND VARIABLE {wind_spd} KNOTS"
            }
          },
          "variableGust": {
            "template": {
              "text": "VRB{wind_spd}G{wind_gust}KT",
              "voice": "SURFACE WIND VARIABLE {wind_spd} GUSTING {wind_gust} KNOTS"
            }
          },
          "variableDirection": {
            "template": {
              "text": "{wind_vmin}V{wind_vmax}",
              "voice": "WIND VARIABLE BETWEEN {wind_vmin} AND {wind_vmax} DEGREES"
            }
          },
          "calm": {
            "calmWindSpeed": 3,
            "template": {
              "text": "{wind}",
              "voice": "SURFACE WIND CALM"
            }
          }
        },
        "visibility": {
          "north": "to the north",
          "northEast": "to the north-east",
          "east": "to the east",
          "southEast": "to the south-east",
          "south": "to the south",
          "southWest": "to the south-west",
          "west": "to the west",
          "northWest": "to the north-west",
          "unlimitedVisibilityVoice": "visibility 10 kilometers or more",
          "unlimitedVisibilityText": "VIS 10KM",
          "includeVisibilitySuffix": true,
          "metersCutoff": 9000,
          "template": {
            "text": "{visibility}",
            "voice": "VISIBILITY {visibility}"
          }
        },
        "presentWeather": {
          "lightIntensity": "light",
          "moderateIntensity": "",
          "heavyIntensity": "heavy",
          "vicinity": "in vicinity",
          "weatherTypes": {
            "DZ": "drizzle",
            "RA": "rain",
            "SN": "snow",
            "SG": "snow grains",
            "IC": "ice crystals",
            "PL": "ice pellets",
            "GR": "hail",
            "GS": "small hail",
            "UP": "unknown precipitation",
            "BR": "mist",
            "FG": "fog",
            "FU": "smoke",
            "VA": "volcanic ash",
            "DU": "widespread dust",
            "SA": "sand",
            "HZ": "haze",
            "PY": "spray",
            "PO": "well developed dust, sand whirls",
            "SQ": "squalls",
            "FC": "funnel cloud tornado waterspout",
            "SS": "sandstorm",
            "DS": "dust storm"
          },
          "weatherDescriptors": {
            "PR": "partial",
            "BC": "patches",
            "MI": "shallow",
            "DR": "low drifting",
            "BL": "blowing",
            "SH": "showers",
            "TS": "thunderstorm",
            "FZ": "freezing"
          },
          "template": {
            "text": "{weather}",
            "voice": "{weather}"
          }
        },
        "clouds": {
          "identifyCeilingLayer": false,
          "convertToMetric": false,
          "undeterminedLayerAltitude": {
            "text": "undetermined",
            "voice": "undetermined"
          },
          "types": {
            "FEW": {
              "$type": "Vatsim.Vatis.Profiles.AtisFormat.Nodes.CloudType, vATIS",
              "text": "FEW{altitude}",
              "voice": "Clouds few at {altitude} feet"
            },
            "SCT": {
              "$type": "Vatsim.Vatis.Profiles.AtisFormat.Nodes.CloudType, vATIS",
              "text": "SCT{altitude}{convective}",
              "voice": "Clouds scattered {convective} at {altitude} feet"
            },
            "BKN": {
              "$type": "Vatsim.Vatis.Profiles.AtisFormat.Nodes.CloudType, vATIS",
              "text": "BKN{altitude}{convective}",
              "voice": "Clouds broken {convective} at {altitude} feet"
            },
            "OVC": {
              "$type": "Vatsim.Vatis.Profiles.AtisFormat.Nodes.CloudType, vATIS",
              "text": "OVC{altitude}{convective}",
              "voice": "Clouds overcast {convective} at {altitude} feet"
            },
            "VV": {
              "$type": "Vatsim.Vatis.Profiles.AtisFormat.Nodes.CloudType, vATIS",
              "text": "VV{altitude}",
              "voice": "indefinite ceiling {altitude}"
            },
            "NSC": {
              "$type": "Vatsim.Vatis.Profiles.AtisFormat.Nodes.CloudType, vATIS",
              "text": "NSC",
              "voice": "no significant clouds"
            },
            "NCD": {
              "$type": "Vatsim.Vatis.Profiles.AtisFormat.Nodes.CloudType, vATIS",
              "text": "NCD",
              "voice": "no clouds detected"
            },
            "CLR": {
              "$type": "Vatsim.Vatis.Profiles.AtisFormat.Nodes.CloudType, vATIS",
              "text": "CLR",
              "voice": "sky clear"
            },
            "SKC": {
              "$type": "Vatsim.Vatis.Profiles.AtisFormat.Nodes.CloudType, vATIS",
              "text": "SKC",
              "voice": "sky clear"
            }
          },
          "convectiveTypes": {
            "CB": "cumulonimbus",
            "TCU": "towering cumulus"
          },
          "template": {
            "text": "{clouds}",
            "voice": "{clouds}"
          }
        },
        "temperature": {
          "usePlusPrefix": false,
          "pronounceLeadingZero": false,
          "template": {
            "text": "{temp}",
            "voice": "TEMPERATURE {temp}"
          }
        },
        "dewpoint": {
          "usePlusPrefix": false,
          "pronounceLeadingZero": false,
          "template": {
            "text": "{dewpoint}",
            "voice": "DEWPOINT {dewpoint}"
          }
        },
        "altimeter": {
          "pronounceDecimal": false,
          "template": {
            "text": "QNH {altimeter}",
            "voice": "QNH {altimeter}"
          }
        },
        "transitionLevel": {
          "values": [
            {
              "Low": 1050,
              "High": 1060,
              "Altitude": 60
            },
            {
              "Low": 1032,
              "High": 1049,
              "Altitude": 65
            },
            {
              "Low": 1013,
              "High": 1031,
              "Altitude": 70
            },
            {
              "Low": 995,
              "High": 1012,
              "Altitude": 75
            },
            {
              "Low": 977,
              "High": 994,
              "Altitude": 80
            },
            {
              "Low": 959,
              "High": 976,
              "Altitude": 85
            }
          ],
          "template": {
            "text": "TRANSITION LEVEL {trl}",
            "voice": "TRANSITION LEVEL. FLIGHT LEVEL {trl}."
          }
        },
        "closingStatement": {
          "autoIncludeClosingStatement": false,
          "template": {
            "text": "...ADVS YOU HAVE INFO {letter}",
            "voice": "ADVISE ON INITIAL CONTACT, YOU HAVE INFORMATION {letter|word}"
          }
        }
      },
      "NotamsBeforeFreeText": false
    },

    {
      "Name": "Birmingham",
      "Identifier": "EGBB",
      "AtisType": 0,
      "codeRange": {
        "low": "A",
        "high": "Z"
      },
      "AtisFrequency": 36025,
      "AtisVoice": {
        "UseTextToSpeech": true,
        "Voice": "UK Male"
      },
      "idsEndpoint": "",
      "useNotamPrefix": false,
      "useDecimalTerminology": true,
      "airportConditionsBeforeFreeText": false,
      "notamsBeforeFreeText": false,
      "Presets": [
        {
          "Name": "RUNWAY 33 (LTC_M_CTR)",
          "AirportConditions": "DEPARTING AIRCRAFT MAKE INITIAL CONTACT WITH LONDON CONTROL ON 121.025",
          "ArbitraryText": null,
          "Template": "THIS IS [FACILITY] INFORMATION [ATIS_CODE] AT TIME [OBS_TIME]. AUTOMATIC. RUNWAY 33 IN USE. [TL]. [NOTAMS]. [ARPT_COND]. [WIND]. [VIS]. [RVR]. [PRESENT_WX]. [CLOUDS]. [TEMP]. [DEW]. [PRESSURE]. ACKNOWLEDGE RECEIPT OF INFORMATION [ATIS_CODE] AND ADVISE AIRCRAFT TYPE ON FIRST CONTACT."
        },
        {
          "Name": "RUNWAY 15 (LTC_M_CTR)",
          "AirportConditions": "DEPARTING AIRCRAFT MAKE INITIAL CONTACT WITH LONDON CONTROL ON 121.025",
          "ArbitraryText": null,
          "Template": "THIS IS [FACILITY] INFORMATION [ATIS_CODE] AT TIME [OBS_TIME]. AUTOMATIC. RUNWAY 15 IN USE. [TL]. [NOTAMS]. [ARPT_COND]. [WIND]. [VIS]. [RVR]. [PRESENT_WX]. [CLOUDS]. [TEMP]. [DEW]. [PRESSURE]. ACKNOWLEDGE RECEIPT OF INFORMATION [ATIS_CODE] AND ADVISE AIRCRAFT TYPE ON FIRST CONTACT."
        }
      ],
      "Contractions": [
        {
          "String": "HPA",
          "Spoken": "HECTO-PASKALS"
        },
        {
          "String": "RNAV",
          "Spoken": "ARE-NAV"
        },
        {
          "String": "CAVOK",
          "Spoken": "CAV-OH-KAY"
        },
        {
          "String": "RNP",
          "Spoken": "ARE-ENN-PEE"
        },
        {
          "String": "WIP",
          "Spoken": "WORK-IN-PROGRESS"
        },
        {
          "String": "ILS",
          "Spoken": "EYE-ELL-ESS"
        },
        {
          "String": "ATC",
          "Spoken": "AY-TEE-SEE"
        },
        {
          "String": "DATALINK",
          "Spoken": "DATA-LINK"
        },
        {
          "string": "CPT",
          "spoken": "COMPTON"
        },
        {
          "string": "SRO",
          "spoken": "SINGLE RUNWAY OPERATIONS"
        }

      ],
      "AirportConditionDefinitions": [],
      "AirportConditionsBeforeFreeText": false,
      "NotamDefinitions": [
        {
          "Ordinal": 1,
          "Text": ".ATC LOW VISIBILITY PROCEDURES IN FORCE.",
          "Enabled": false
        },
        {
          "Ordinal": 2,
          "Text": ".DATALINK CLEARANCES ARE AVAILABLE.",
          "Enabled": true
        },
        {
          "ordinal": 3,
          "text": ".WINDSHEAR REPORTED ON DEPARTURE.",
          "enabled": false
        }
      ],
      "atisFormat": {
        "observationTime": {
          "template": {
            "text": "{time}Z",
            "voice": "{time} ZULU {special}"
          }
        },
        "surfaceWind": {
          "speakLeadingZero": false,
          "magneticVariation": {
            "enabled": false,
            "magneticDegrees": 0
          },
          "standard": {
            "template": {
              "text": "{wind_dir}/{wind_spd}KT",
              "voice": "SURFACE WIND {wind_dir} DEGREES {wind_spd} KNOTS"
            }
          },
          "standardGust": {
            "template": {
              "text": "{wind_dir}/{wind_spd}G{wind_gust}KT",
              "voice": "SURFACE WIND {wind_dir} DEGREES {wind_spd} GUSTING {wind_gust} KNOTS"
            }
          },
          "variable": {
            "template": {
              "text": "VRB{wind_spd}KT",
              "voice": "SURFACE WIND VARIABLE {wind_spd} KNOTS"
            }
          },
          "variableGust": {
            "template": {
              "text": "VRB{wind_spd}G{wind_gust}KT",
              "voice": "SURFACE WIND VARIABLE {wind_spd} GUSTING {wind_gust} KNOTS"
            }
          },
          "variableDirection": {
            "template": {
              "text": "{wind_vmin}V{wind_vmax}",
              "voice": "WIND VARIABLE BETWEEN {wind_vmin} AND {wind_vmax} DEGREES"
            }
          },
          "calm": {
            "calmWindSpeed": 3,
            "template": {
              "text": "{wind}",
              "voice": "SURFACE WIND CALM"
            }
          }
        },
        "visibility": {
          "north": "to the north",
          "northEast": "to the north-east",
          "east": "to the east",
          "southEast": "to the south-east",
          "south": "to the south",
          "southWest": "to the south-west",
          "west": "to the west",
          "northWest": "to the north-west",
          "unlimitedVisibilityVoice": "visibility 10 kilometers or more",
          "unlimitedVisibilityText": "VIS 10KM",
          "includeVisibilitySuffix": true,
          "metersCutoff": 9000,
          "template": {
            "text": "{visibility}",
            "voice": "VISIBILITY {visibility}"
          }
        },
        "presentWeather": {
          "lightIntensity": "light",
          "moderateIntensity": "",
          "heavyIntensity": "heavy",
          "vicinity": "in vicinity",
          "weatherTypes": {
            "DZ": "drizzle",
            "RA": "rain",
            "SN": "snow",
            "SG": "snow grains",
            "IC": "ice crystals",
            "PL": "ice pellets",
            "GR": "hail",
            "GS": "small hail",
            "UP": "unknown precipitation",
            "BR": "mist",
            "FG": "fog",
            "FU": "smoke",
            "VA": "volcanic ash",
            "DU": "widespread dust",
            "SA": "sand",
            "HZ": "haze",
            "PY": "spray",
            "PO": "well developed dust, sand whirls",
            "SQ": "squalls",
            "FC": "funnel cloud tornado waterspout",
            "SS": "sandstorm",
            "DS": "dust storm"
          },
          "weatherDescriptors": {
            "PR": "partial",
            "BC": "patches",
            "MI": "shallow",
            "DR": "low drifting",
            "BL": "blowing",
            "SH": "showers",
            "TS": "thunderstorm",
            "FZ": "freezing"
          },
          "template": {
            "text": "{weather}",
            "voice": "{weather}"
          }
        },
        "clouds": {
          "identifyCeilingLayer": false,
          "convertToMetric": false,
          "undeterminedLayerAltitude": {
            "text": "undetermined",
            "voice": "undetermined"
          },
          "types": {
            "FEW": {
              "$type": "Vatsim.Vatis.Profiles.AtisFormat.Nodes.CloudType, vATIS",
              "text": "FEW{altitude}",
              "voice": "Clouds few at {altitude} feet"
            },
            "SCT": {
              "$type": "Vatsim.Vatis.Profiles.AtisFormat.Nodes.CloudType, vATIS",
              "text": "SCT{altitude}{convective}",
              "voice": "Clouds scattered {convective} at {altitude} feet"
            },
            "BKN": {
              "$type": "Vatsim.Vatis.Profiles.AtisFormat.Nodes.CloudType, vATIS",
              "text": "BKN{altitude}{convective}",
              "voice": "Clouds broken {convective} at {altitude} feet"
            },
            "OVC": {
              "$type": "Vatsim.Vatis.Profiles.AtisFormat.Nodes.CloudType, vATIS",
              "text": "OVC{altitude}{convective}",
              "voice": "Clouds overcast {convective} at {altitude} feet"
            },
            "VV": {
              "$type": "Vatsim.Vatis.Profiles.AtisFormat.Nodes.CloudType, vATIS",
              "text": "VV{altitude}",
              "voice": "indefinite ceiling {altitude}"
            },
            "NSC": {
              "$type": "Vatsim.Vatis.Profiles.AtisFormat.Nodes.CloudType, vATIS",
              "text": "NSC",
              "voice": "no significant clouds"
            },
            "NCD": {
              "$type": "Vatsim.Vatis.Profiles.AtisFormat.Nodes.CloudType, vATIS",
              "text": "NCD",
              "voice": "no clouds detected"
            },
            "CLR": {
              "$type": "Vatsim.Vatis.Profiles.AtisFormat.Nodes.CloudType, vATIS",
              "text": "CLR",
              "voice": "sky clear"
            },
            "SKC": {
              "$type": "Vatsim.Vatis.Profiles.AtisFormat.Nodes.CloudType, vATIS",
              "text": "SKC",
              "voice": "sky clear"
            }
          },
          "convectiveTypes": {
            "CB": "cumulonimbus",
            "TCU": "towering cumulus"
          },
          "template": {
            "text": "{clouds}",
            "voice": "{clouds}"
          }
        },
        "temperature": {
          "usePlusPrefix": false,
          "pronounceLeadingZero": false,
          "template": {
            "text": "{temp}",
            "voice": "TEMPERATURE {temp}"
          }
        },
        "dewpoint": {
          "usePlusPrefix": false,
          "pronounceLeadingZero": false,
          "template": {
            "text": "{dewpoint}",
            "voice": "DEWPOINT {dewpoint}"
          }
        },
        "altimeter": {
          "pronounceDecimal": false,
          "template": {
            "text": "QNH {altimeter}",
            "voice": "QNH {altimeter}"
          }
        },
        "transitionLevel": {
          "values": [
            {
              "Low": 1050,
              "High": 1060,
              "Altitude": 60
            },
            {
              "Low": 1032,
              "High": 1049,
              "Altitude": 65
            },
            {
              "Low": 1013,
              "High": 1031,
              "Altitude": 70
            },
            {
              "Low": 995,
              "High": 1012,
              "Altitude": 75
            },
            {
              "Low": 977,
              "High": 994,
              "Altitude": 80
            },
            {
              "Low": 959,
              "High": 976,
              "Altitude": 85
            }
          ],
          "template": {
            "text": "TRANSITION LEVEL {trl}",
            "voice": "TRANSITION LEVEL. FLIGHT LEVEL {trl}."
          }
        },
        "closingStatement": {
          "autoIncludeClosingStatement": false,
          "template": {
            "text": "...ADVS YOU HAVE INFO {letter}",
            "voice": "ADVISE ON INITIAL CONTACT, YOU HAVE INFORMATION {letter|word}"
          }
        }
      },
      "NotamsBeforeFreeText": false
    },

    {
      "Name": "East Midlands",
      "Identifier": "EGNX",
      "AtisType": 0,
      "codeRange": {
        "low": "A",
        "high": "Z"
      },
      "AtisFrequency": 22675,
      "AtisVoice": {
        "UseTextToSpeech": true,
        "Voice": "UK Male"
      },
      "idsEndpoint": "",
      "useNotamPrefix": false,
      "useDecimalTerminology": true,
      "airportConditionsBeforeFreeText": false,
      "notamsBeforeFreeText": false,
      "Presets": [
        {
          "Name": "RUNWAY 27 (LTC_M_CTR)",
          "AirportConditions": "DEPARTING AIRCRAFT MAKE INITIAL CONTACT WITH LONDON CONTROL ON 121.025",
          "ArbitraryText": null,
          "Template": "THIS IS [FACILITY] INFORMATION [ATIS_CODE] AT TIME [OBS_TIME]. AUTOMATIC. RUNWAY 27 IN USE. [TL]. [NOTAMS]. [ARPT_COND]. [WIND]. [VIS]. [RVR]. [PRESENT_WX]. [CLOUDS]. [TEMP]. [DEW]. [PRESSURE]. ACKNOWLEDGE RECEIPT OF INFORMATION [ATIS_CODE] AND ADVISE AIRCRAFT TYPE ON FIRST CONTACT."
        },
        {
          "Name": "RUNWAY 09 (LTC_M_CTR)",
          "AirportConditions": "DEPARTING AIRCRAFT MAKE INITIAL CONTACT WITH LONDON CONTROL ON 121.025",
          "ArbitraryText": null,
          "Template": "THIS IS [FACILITY] INFORMATION [ATIS_CODE] AT TIME [OBS_TIME]. AUTOMATIC. RUNWAY 09 IN USE. [TL]. [NOTAMS]. [ARPT_COND]. [WIND]. [VIS]. [RVR]. [PRESENT_WX]. [CLOUDS]. [TEMP]. [DEW]. [PRESSURE]. ACKNOWLEDGE RECEIPT OF INFORMATION [ATIS_CODE] AND ADVISE AIRCRAFT TYPE ON FIRST CONTACT."
        },
        {
          "Name": "RUNWAY 27 (LTC_MW_CTR)",
          "AirportConditions": "DEPARTING AIRCRAFT MAKE INITIAL CONTACT WITH LONDON CONTROL ON 130.925",
          "ArbitraryText": null,
          "Template": "THIS IS [FACILITY] INFORMATION [ATIS_CODE] AT TIME [OBS_TIME]. AUTOMATIC. RUNWAY 27 IN USE. [TL]. [NOTAMS]. [ARPT_COND]. [WIND]. [VIS]. [RVR]. [PRESENT_WX]. [CLOUDS]. [TEMP]. [DEW]. [PRESSURE]. ACKNOWLEDGE RECEIPT OF INFORMATION [ATIS_CODE] AND ADVISE AIRCRAFT TYPE ON FIRST CONTACT."
        },
        {
          "Name": "RUNWAY 09 (LTC_MW_CTR)",
          "AirportConditions": "DEPARTING AIRCRAFT MAKE INITIAL CONTACT WITH LONDON CONTROL ON 130.925",
          "ArbitraryText": null,
          "Template": "THIS IS [FACILITY] INFORMATION [ATIS_CODE] AT TIME [OBS_TIME]. AUTOMATIC. RUNWAY 09 IN USE. [TL]. [NOTAMS]. [ARPT_COND]. [WIND]. [VIS]. [RVR]. [PRESENT_WX]. [CLOUDS]. [TEMP]. [DEW]. [PRESSURE]. ACKNOWLEDGE RECEIPT OF INFORMATION [ATIS_CODE] AND ADVISE AIRCRAFT TYPE ON FIRST CONTACT."
        }

      ],
      "Contractions": [
        {
          "String": "HPA",
          "Spoken": "HECTO-PASKALS"
        },
        {
          "String": "RNAV",
          "Spoken": "ARE-NAV"
        },
        {
          "String": "CAVOK",
          "Spoken": "CAV-OH-KAY"
        },
        {
          "String": "RNP",
          "Spoken": "ARE-ENN-PEE"
        },
        {
          "String": "WIP",
          "Spoken": "WORK-IN-PROGRESS"
        },
        {
          "String": "ILS",
          "Spoken": "EYE-ELL-ESS"
        },
        {
          "String": "ATC",
          "Spoken": "AY-TEE-SEE"
        },
        {
          "String": "DATALINK",
          "Spoken": "DATA-LINK"
        },
        {
          "string": "CPT",
          "spoken": "COMPTON"
        },
        {
          "string": "SRO",
          "spoken": "SINGLE RUNWAY OPERATIONS"
        }

      ],
      "AirportConditionDefinitions": [],
      "AirportConditionsBeforeFreeText": false,
      "NotamDefinitions": [
        {
          "Ordinal": 1,
          "Text": ".ATC LOW VISIBILITY PROCEDURES IN FORCE.",
          "Enabled": false
        },
        {
          "Ordinal": 2,
          "Text": ".DATALINK CLEARANCES ARE AVAILABLE.",
          "Enabled": true
        },
        {
          "ordinal": 3,
          "text": ".WINDSHEAR REPORTED ON DEPARTURE.",
          "enabled": false
        }
      ],
      "atisFormat": {
        "observationTime": {
          "template": {
            "text": "{time}Z",
            "voice": "{time} ZULU {special}"
          }
        },
        "surfaceWind": {
          "speakLeadingZero": false,
          "magneticVariation": {
            "enabled": false,
            "magneticDegrees": 0
          },
          "standard": {
            "template": {
              "text": "{wind_dir}/{wind_spd}KT",
              "voice": "SURFACE WIND {wind_dir} DEGREES {wind_spd} KNOTS"
            }
          },
          "standardGust": {
            "template": {
              "text": "{wind_dir}/{wind_spd}G{wind_gust}KT",
              "voice": "SURFACE WIND {wind_dir} DEGREES {wind_spd} GUSTING {wind_gust} KNOTS"
            }
          },
          "variable": {
            "template": {
              "text": "VRB{wind_spd}KT",
              "voice": "SURFACE WIND VARIABLE {wind_spd} KNOTS"
            }
          },
          "variableGust": {
            "template": {
              "text": "VRB{wind_spd}G{wind_gust}KT",
              "voice": "SURFACE WIND VARIABLE {wind_spd} GUSTING {wind_gust} KNOTS"
            }
          },
          "variableDirection": {
            "template": {
              "text": "{wind_vmin}V{wind_vmax}",
              "voice": "WIND VARIABLE BETWEEN {wind_vmin} AND {wind_vmax} DEGREES"
            }
          },
          "calm": {
            "calmWindSpeed": 3,
            "template": {
              "text": "{wind}",
              "voice": "SURFACE WIND CALM"
            }
          }
        },
        "visibility": {
          "north": "to the north",
          "northEast": "to the north-east",
          "east": "to the east",
          "southEast": "to the south-east",
          "south": "to the south",
          "southWest": "to the south-west",
          "west": "to the west",
          "northWest": "to the north-west",
          "unlimitedVisibilityVoice": "visibility 10 kilometers or more",
          "unlimitedVisibilityText": "VIS 10KM",
          "includeVisibilitySuffix": true,
          "metersCutoff": 9000,
          "template": {
            "text": "{visibility}",
            "voice": "VISIBILITY {visibility}"
          }
        },
        "presentWeather": {
          "lightIntensity": "light",
          "moderateIntensity": "",
          "heavyIntensity": "heavy",
          "vicinity": "in vicinity",
          "weatherTypes": {
            "DZ": "drizzle",
            "RA": "rain",
            "SN": "snow",
            "SG": "snow grains",
            "IC": "ice crystals",
            "PL": "ice pellets",
            "GR": "hail",
            "GS": "small hail",
            "UP": "unknown precipitation",
            "BR": "mist",
            "FG": "fog",
            "FU": "smoke",
            "VA": "volcanic ash",
            "DU": "widespread dust",
            "SA": "sand",
            "HZ": "haze",
            "PY": "spray",
            "PO": "well developed dust, sand whirls",
            "SQ": "squalls",
            "FC": "funnel cloud tornado waterspout",
            "SS": "sandstorm",
            "DS": "dust storm"
          },
          "weatherDescriptors": {
            "PR": "partial",
            "BC": "patches",
            "MI": "shallow",
            "DR": "low drifting",
            "BL": "blowing",
            "SH": "showers",
            "TS": "thunderstorm",
            "FZ": "freezing"
          },
          "template": {
            "text": "{weather}",
            "voice": "{weather}"
          }
        },
        "clouds": {
          "identifyCeilingLayer": false,
          "convertToMetric": false,
          "undeterminedLayerAltitude": {
            "text": "undetermined",
            "voice": "undetermined"
          },
          "types": {
            "FEW": {
              "$type": "Vatsim.Vatis.Profiles.AtisFormat.Nodes.CloudType, vATIS",
              "text": "FEW{altitude}",
              "voice": "Clouds few at {altitude} feet"
            },
            "SCT": {
              "$type": "Vatsim.Vatis.Profiles.AtisFormat.Nodes.CloudType, vATIS",
              "text": "SCT{altitude}{convective}",
              "voice": "Clouds scattered {convective} at {altitude} feet"
            },
            "BKN": {
              "$type": "Vatsim.Vatis.Profiles.AtisFormat.Nodes.CloudType, vATIS",
              "text": "BKN{altitude}{convective}",
              "voice": "Clouds broken {convective} at {altitude} feet"
            },
            "OVC": {
              "$type": "Vatsim.Vatis.Profiles.AtisFormat.Nodes.CloudType, vATIS",
              "text": "OVC{altitude}{convective}",
              "voice": "Clouds overcast {convective} at {altitude} feet"
            },
            "VV": {
              "$type": "Vatsim.Vatis.Profiles.AtisFormat.Nodes.CloudType, vATIS",
              "text": "VV{altitude}",
              "voice": "indefinite ceiling {altitude}"
            },
            "NSC": {
              "$type": "Vatsim.Vatis.Profiles.AtisFormat.Nodes.CloudType, vATIS",
              "text": "NSC",
              "voice": "no significant clouds"
            },
            "NCD": {
              "$type": "Vatsim.Vatis.Profiles.AtisFormat.Nodes.CloudType, vATIS",
              "text": "NCD",
              "voice": "no clouds detected"
            },
            "CLR": {
              "$type": "Vatsim.Vatis.Profiles.AtisFormat.Nodes.CloudType, vATIS",
              "text": "CLR",
              "voice": "sky clear"
            },
            "SKC": {
              "$type": "Vatsim.Vatis.Profiles.AtisFormat.Nodes.CloudType, vATIS",
              "text": "SKC",
              "voice": "sky clear"
            }
          },
          "convectiveTypes": {
            "CB": "cumulonimbus",
            "TCU": "towering cumulus"
          },
          "template": {
            "text": "{clouds}",
            "voice": "{clouds}"
          }
        },
        "temperature": {
          "usePlusPrefix": false,
          "pronounceLeadingZero": false,
          "template": {
            "text": "{temp}",
            "voice": "TEMPERATURE {temp}"
          }
        },
        "dewpoint": {
          "usePlusPrefix": false,
          "pronounceLeadingZero": false,
          "template": {
            "text": "{dewpoint}",
            "voice": "DEWPOINT {dewpoint}"
          }
        },
        "altimeter": {
          "pronounceDecimal": false,
          "template": {
            "text": "QNH {altimeter}",
            "voice": "QNH {altimeter}"
          }
        },
        "transitionLevel": {
          "values": [
            {
              "Low": 1050,
              "High": 1060,
              "Altitude": 60
            },
            {
              "Low": 1032,
              "High": 1049,
              "Altitude": 65
            },
            {
              "Low": 1013,
              "High": 1031,
              "Altitude": 70
            },
            {
              "Low": 995,
              "High": 1012,
              "Altitude": 75
            },
            {
              "Low": 977,
              "High": 994,
              "Altitude": 80
            },
            {
              "Low": 959,
              "High": 976,
              "Altitude": 85
            }
          ],
          "template": {
            "text": "TRANSITION LEVEL {trl}",
            "voice": "TRANSITION LEVEL. FLIGHT LEVEL {trl}."
          }
        },
        "closingStatement": {
          "autoIncludeClosingStatement": false,
          "template": {
            "text": "...ADVS YOU HAVE INFO {letter}",
            "voice": "ADVISE ON INITIAL CONTACT, YOU HAVE INFORMATION {letter|word}"
          }
        }
      },
      "NotamsBeforeFreeText": false
    },

    {
      "Name": "Oxford",
      "Identifier": "EGTK",
      "AtisType": 0,
      "codeRange": {
        "low": "A",
        "high": "Z"
      },
      "AtisFrequency": 36225,
      "AtisVoice": {
        "UseTextToSpeech": true,
        "Voice": "UK Male"
      },
      "idsEndpoint": "",
      "useNotamPrefix": false,
      "useDecimalTerminology": true,
      "airportConditionsBeforeFreeText": false,
      "notamsBeforeFreeText": false,
      "Presets": [
        {
          "Name": "RUNWAY 19 (LTC_M_CTR)",
          "AirportConditions": "DEPARTING AIRCRAFT MAKE INITIAL CONTACT WITH LONDON CONTROL ON 121.025",
          "ArbitraryText": null,
          "Template": "THIS IS [FACILITY] INFORMATION [ATIS_CODE] AT TIME [OBS_TIME]. AUTOMATIC. RUNWAY 19 IN USE. [TL]. [NOTAMS]. [ARPT_COND]. [WIND]. [VIS]. [RVR]. [PRESENT_WX]. [CLOUDS]. [TEMP]. [DEW]. [PRESSURE]. ACKNOWLEDGE RECEIPT OF INFORMATION [ATIS_CODE] AND ADVISE AIRCRAFT TYPE ON FIRST CONTACT."
        },
        {
          "Name": "RUNWAY 01 (LTC_M_CTR)",
          "AirportConditions": "NDB DME APPROACH TO BE EXPECTED. DEPARTING AIRCRAFT MAKE INITIAL CONTACT WITH LONDON CONTROL ON 121.025",
          "ArbitraryText": null,
          "Template": "THIS IS [FACILITY] INFORMATION [ATIS_CODE] AT TIME [OBS_TIME]. AUTOMATIC. RUNWAY 01 IN USE. [TL]. [NOTAMS]. [ARPT_COND]. [WIND]. [VIS]. [RVR]. [PRESENT_WX]. [CLOUDS]. [TEMP]. [DEW]. [PRESSURE]. ACKNOWLEDGE RECEIPT OF INFORMATION [ATIS_CODE] AND ADVISE AIRCRAFT TYPE ON FIRST CONTACT."
        }

      ],
      "Contractions": [
        {
          "String": "HPA",
          "Spoken": "HECTO-PASKALS"
        },
        {
          "String": "RNAV",
          "Spoken": "ARE-NAV"
        },
        {
          "String": "CAVOK",
          "Spoken": "CAV-OH-KAY"
        },
        {
          "String": "RNP",
          "Spoken": "ARE-ENN-PEE"
        },
        {
          "String": "WIP",
          "Spoken": "WORK-IN-PROGRESS"
        },
        {
          "String": "ILS",
          "Spoken": "EYE-ELL-ESS"
        },
        {
          "String": "ATC",
          "Spoken": "AY-TEE-SEE"
        },
        {
          "String": "DATALINK",
          "Spoken": "DATA-LINK"
        },
        {
          "string": "CPT",
          "spoken": "COMPTON"
        },
        {
          "string": "SRO",
          "spoken": "SINGLE RUNWAY OPERATIONS"
        }

      ],
      "AirportConditionDefinitions": [],
      "AirportConditionsBeforeFreeText": false,
      "NotamDefinitions": [
        {
          "Ordinal": 1,
          "Text": ".ATC LOW VISIBILITY PROCEDURES IN FORCE.",
          "Enabled": false
        },
        {
          "Ordinal": 2,
          "Text": ".DATALINK CLEARANCES ARE AVAILABLE.",
          "Enabled": false
        },
        {
          "ordinal": 3,
          "text": ".WINDSHEAR REPORTED ON DEPARTURE.",
          "enabled": false
        }
      ],
      "atisFormat": {
        "observationTime": {
          "template": {
            "text": "{time}Z",
            "voice": "{time} ZULU {special}"
          }
        },
        "surfaceWind": {
          "speakLeadingZero": false,
          "magneticVariation": {
            "enabled": false,
            "magneticDegrees": 0
          },
          "standard": {
            "template": {
              "text": "{wind_dir}/{wind_spd}KT",
              "voice": "SURFACE WIND {wind_dir} DEGREES {wind_spd} KNOTS"
            }
          },
          "standardGust": {
            "template": {
              "text": "{wind_dir}/{wind_spd}G{wind_gust}KT",
              "voice": "SURFACE WIND {wind_dir} DEGREES {wind_spd} GUSTING {wind_gust} KNOTS"
            }
          },
          "variable": {
            "template": {
              "text": "VRB{wind_spd}KT",
              "voice": "SURFACE WIND VARIABLE {wind_spd} KNOTS"
            }
          },
          "variableGust": {
            "template": {
              "text": "VRB{wind_spd}G{wind_gust}KT",
              "voice": "SURFACE WIND VARIABLE {wind_spd} GUSTING {wind_gust} KNOTS"
            }
          },
          "variableDirection": {
            "template": {
              "text": "{wind_vmin}V{wind_vmax}",
              "voice": "WIND VARIABLE BETWEEN {wind_vmin} AND {wind_vmax} DEGREES"
            }
          },
          "calm": {
            "calmWindSpeed": 3,
            "template": {
              "text": "{wind}",
              "voice": "SURFACE WIND CALM"
            }
          }
        },
        "visibility": {
          "north": "to the north",
          "northEast": "to the north-east",
          "east": "to the east",
          "southEast": "to the south-east",
          "south": "to the south",
          "southWest": "to the south-west",
          "west": "to the west",
          "northWest": "to the north-west",
          "unlimitedVisibilityVoice": "visibility 10 kilometers or more",
          "unlimitedVisibilityText": "VIS 10KM",
          "includeVisibilitySuffix": true,
          "metersCutoff": 9000,
          "template": {
            "text": "{visibility}",
            "voice": "VISIBILITY {visibility}"
          }
        },
        "presentWeather": {
          "lightIntensity": "light",
          "moderateIntensity": "",
          "heavyIntensity": "heavy",
          "vicinity": "in vicinity",
          "weatherTypes": {
            "DZ": "drizzle",
            "RA": "rain",
            "SN": "snow",
            "SG": "snow grains",
            "IC": "ice crystals",
            "PL": "ice pellets",
            "GR": "hail",
            "GS": "small hail",
            "UP": "unknown precipitation",
            "BR": "mist",
            "FG": "fog",
            "FU": "smoke",
            "VA": "volcanic ash",
            "DU": "widespread dust",
            "SA": "sand",
            "HZ": "haze",
            "PY": "spray",
            "PO": "well developed dust, sand whirls",
            "SQ": "squalls",
            "FC": "funnel cloud tornado waterspout",
            "SS": "sandstorm",
            "DS": "dust storm"
          },
          "weatherDescriptors": {
            "PR": "partial",
            "BC": "patches",
            "MI": "shallow",
            "DR": "low drifting",
            "BL": "blowing",
            "SH": "showers",
            "TS": "thunderstorm",
            "FZ": "freezing"
          },
          "template": {
            "text": "{weather}",
            "voice": "{weather}"
          }
        },
        "clouds": {
          "identifyCeilingLayer": false,
          "convertToMetric": false,
          "undeterminedLayerAltitude": {
            "text": "undetermined",
            "voice": "undetermined"
          },
          "types": {
            "FEW": {
              "$type": "Vatsim.Vatis.Profiles.AtisFormat.Nodes.CloudType, vATIS",
              "text": "FEW{altitude}",
              "voice": "Clouds few at {altitude} feet"
            },
            "SCT": {
              "$type": "Vatsim.Vatis.Profiles.AtisFormat.Nodes.CloudType, vATIS",
              "text": "SCT{altitude}{convective}",
              "voice": "Clouds scattered {convective} at {altitude} feet"
            },
            "BKN": {
              "$type": "Vatsim.Vatis.Profiles.AtisFormat.Nodes.CloudType, vATIS",
              "text": "BKN{altitude}{convective}",
              "voice": "Clouds broken {convective} at {altitude} feet"
            },
            "OVC": {
              "$type": "Vatsim.Vatis.Profiles.AtisFormat.Nodes.CloudType, vATIS",
              "text": "OVC{altitude}{convective}",
              "voice": "Clouds overcast {convective} at {altitude} feet"
            },
            "VV": {
              "$type": "Vatsim.Vatis.Profiles.AtisFormat.Nodes.CloudType, vATIS",
              "text": "VV{altitude}",
              "voice": "indefinite ceiling {altitude}"
            },
            "NSC": {
              "$type": "Vatsim.Vatis.Profiles.AtisFormat.Nodes.CloudType, vATIS",
              "text": "NSC",
              "voice": "no significant clouds"
            },
            "NCD": {
              "$type": "Vatsim.Vatis.Profiles.AtisFormat.Nodes.CloudType, vATIS",
              "text": "NCD",
              "voice": "no clouds detected"
            },
            "CLR": {
              "$type": "Vatsim.Vatis.Profiles.AtisFormat.Nodes.CloudType, vATIS",
              "text": "CLR",
              "voice": "sky clear"
            },
            "SKC": {
              "$type": "Vatsim.Vatis.Profiles.AtisFormat.Nodes.CloudType, vATIS",
              "text": "SKC",
              "voice": "sky clear"
            }
          },
          "convectiveTypes": {
            "CB": "cumulonimbus",
            "TCU": "towering cumulus"
          },
          "template": {
            "text": "{clouds}",
            "voice": "{clouds}"
          }
        },
        "temperature": {
          "usePlusPrefix": false,
          "pronounceLeadingZero": false,
          "template": {
            "text": "{temp}",
            "voice": "TEMPERATURE {temp}"
          }
        },
        "dewpoint": {
          "usePlusPrefix": false,
          "pronounceLeadingZero": false,
          "template": {
            "text": "{dewpoint}",
            "voice": "DEWPOINT {dewpoint}"
          }
        },
        "altimeter": {
          "pronounceDecimal": false,
          "template": {
            "text": "QNH {altimeter}",
            "voice": "QNH {altimeter}"
          }
        },
        "transitionLevel": {
          "values": [
            {
              "Low": 1050,
              "High": 1060,
              "Altitude": 60
            },
            {
              "Low": 1032,
              "High": 1049,
              "Altitude": 65
            },
            {
              "Low": 1013,
              "High": 1031,
              "Altitude": 70
            },
            {
              "Low": 995,
              "High": 1012,
              "Altitude": 75
            },
            {
              "Low": 977,
              "High": 994,
              "Altitude": 80
            },
            {
              "Low": 959,
              "High": 976,
              "Altitude": 85
            }
          ],
          "template": {
            "text": "TRANSITION LEVEL {trl}",
            "voice": "TRANSITION LEVEL. FLIGHT LEVEL {trl}."
          }
        },
        "closingStatement": {
          "autoIncludeClosingStatement": false,
          "template": {
            "text": "...ADVS YOU HAVE INFO {letter}",
            "voice": "ADVISE ON INITIAL CONTACT, YOU HAVE INFORMATION {letter|word}"
          }
        }
      },
      "NotamsBeforeFreeText": false
    },

    {
      "Name": "Cambridge",
      "Identifier": "EGSC",
      "AtisType": 0,
      "codeRange": {
        "low": "A",
        "high": "Z"
      },
      "AtisFrequency": 34600,
      "AtisVoice": {
        "UseTextToSpeech": true,
        "Voice": "UK Male"
      },
      "idsEndpoint": "",
      "useNotamPrefix": false,
      "useDecimalTerminology": true,
      "airportConditionsBeforeFreeText": false,
      "notamsBeforeFreeText": false,
      "Presets": [
        {
          "Name": "RUNWAY 23 (LTC_N_CTR)",
          "AirportConditions": "DEPARTING AIRCRAFT MAKE INITIAL CONTACT WITH LONDON CONTROL ON 119.775",
          "ArbitraryText": null,
          "Template": "THIS IS [FACILITY] INFORMATION [ATIS_CODE] AT TIME [OBS_TIME]. AUTOMATIC. RUNWAY 23 IN USE. [TL]. [NOTAMS]. [ARPT_COND]. [WIND]. [VIS]. [RVR]. [PRESENT_WX]. [CLOUDS]. [TEMP]. [DEW]. [PRESSURE]. ACKNOWLEDGE RECEIPT OF INFORMATION [ATIS_CODE] AND ADVISE AIRCRAFT TYPE ON FIRST CONTACT."
        },
        {
          "Name": "RUNWAY 05 (LTC_N_CTR)",
          "AirportConditions": "EXPECT AN RNP APPROACH. DEPARTING AIRCRAFT MAKE INITIAL CONTACT WITH LONDON CONTROL ON 119.775",
          "ArbitraryText": null,
          "Template": "THIS IS [FACILITY] INFORMATION [ATIS_CODE] AT TIME [OBS_TIME]. AUTOMATIC. RUNWAY 05 IN USE. [TL]. [NOTAMS]. [ARPT_COND]. [WIND]. [VIS]. [RVR]. [PRESENT_WX]. [CLOUDS]. [TEMP]. [DEW]. [PRESSURE]. ACKNOWLEDGE RECEIPT OF INFORMATION [ATIS_CODE] AND ADVISE AIRCRAFT TYPE ON FIRST CONTACT."
        },
        {
          "Name": "RUNWAY 23 (LTC_NE_CTR)",
          "AirportConditions": "DEPARTING AIRCRAFT MAKE INITIAL CONTACT WITH LONDON CONTROL ON 118.825",
          "ArbitraryText": null,
          "Template": "THIS IS [FACILITY] INFORMATION [ATIS_CODE] AT TIME [OBS_TIME]. AUTOMATIC. RUNWAY 23 IN USE. [TL]. [NOTAMS]. [ARPT_COND]. [WIND]. [VIS]. [RVR]. [PRESENT_WX]. [CLOUDS]. [TEMP]. [DEW]. [PRESSURE]. ACKNOWLEDGE RECEIPT OF INFORMATION [ATIS_CODE] AND ADVISE AIRCRAFT TYPE ON FIRST CONTACT."
        },
        {
          "Name": "RUNWAY 05 (LTC_NE_CTR)",
          "AirportConditions": "EXPECT AN RNP APPROACH. DEPARTING AIRCRAFT MAKE INITIAL CONTACT WITH LONDON CONTROL ON 118.825",
          "ArbitraryText": null,
          "Template": "THIS IS [FACILITY] INFORMATION [ATIS_CODE] AT TIME [OBS_TIME]. AUTOMATIC. RUNWAY 05 IN USE. [TL]. [NOTAMS]. [ARPT_COND]. [WIND]. [VIS]. [RVR]. [PRESENT_WX]. [CLOUDS]. [TEMP]. [DEW]. [PRESSURE]. ACKNOWLEDGE RECEIPT OF INFORMATION [ATIS_CODE] AND ADVISE AIRCRAFT TYPE ON FIRST CONTACT."
        },
        {
          "Name": "RUNWAY 23 (LTC_E_CTR)",
          "AirportConditions": "DEPARTING AIRCRAFT MAKE INITIAL CONTACT WITH LONDON CONTROL ON 121.225",
          "ArbitraryText": null,
          "Template": "THIS IS [FACILITY] INFORMATION [ATIS_CODE] AT TIME [OBS_TIME]. AUTOMATIC. RUNWAY 23 IN USE. [TL]. [NOTAMS]. [ARPT_COND]. [WIND]. [VIS]. [RVR]. [PRESENT_WX]. [CLOUDS]. [TEMP]. [DEW]. [PRESSURE]. ACKNOWLEDGE RECEIPT OF INFORMATION [ATIS_CODE] AND ADVISE AIRCRAFT TYPE ON FIRST CONTACT."
        },
        {
          "Name": "RUNWAY 05 (LTC_E_CTR)",
          "AirportConditions": "EXPECT AN RNP APPROACH. DEPARTING AIRCRAFT MAKE INITIAL CONTACT WITH LONDON CONTROL ON 121.225",
          "ArbitraryText": null,
          "Template": "THIS IS [FACILITY] INFORMATION [ATIS_CODE] AT TIME [OBS_TIME]. AUTOMATIC. RUNWAY 05 IN USE. [TL]. [NOTAMS]. [ARPT_COND]. [WIND]. [VIS]. [RVR]. [PRESENT_WX]. [CLOUDS]. [TEMP]. [DEW]. [PRESSURE]. ACKNOWLEDGE RECEIPT OF INFORMATION [ATIS_CODE] AND ADVISE AIRCRAFT TYPE ON FIRST CONTACT."
        }

      ],
      "Contractions": [
        {
          "String": "HPA",
          "Spoken": "HECTO-PASKALS"
        },
        {
          "String": "RNAV",
          "Spoken": "ARE-NAV"
        },
        {
          "String": "CAVOK",
          "Spoken": "CAV-OH-KAY"
        },
        {
          "String": "RNP",
          "Spoken": "ARE-ENN-PEE"
        },
        {
          "String": "WIP",
          "Spoken": "WORK-IN-PROGRESS"
        },
        {
          "String": "ILS",
          "Spoken": "EYE-ELL-ESS"
        },
        {
          "String": "ATC",
          "Spoken": "AY-TEE-SEE"
        },
        {
          "String": "DATALINK",
          "Spoken": "DATA-LINK"
        },
        {
          "string": "CPT",
          "spoken": "COMPTON"
        },
        {
          "string": "SRO",
          "spoken": "SINGLE RUNWAY OPERATIONS"
        }

      ],
      "AirportConditionDefinitions": [],
      "AirportConditionsBeforeFreeText": false,
      "NotamDefinitions": [
        {
          "Ordinal": 1,
          "Text": ".ATC LOW VISIBILITY PROCEDURES IN FORCE.",
          "Enabled": false
        },
        {
          "Ordinal": 2,
          "Text": ".DATALINK CLEARANCES ARE AVAILABLE.",
          "Enabled": false
        },
        {
          "ordinal": 3,
          "text": ".WINDSHEAR REPORTED ON DEPARTURE.",
          "enabled": false
        }
      ],
      "atisFormat": {
        "observationTime": {
          "template": {
            "text": "{time}Z",
            "voice": "{time} ZULU {special}"
          }
        },
        "surfaceWind": {
          "speakLeadingZero": false,
          "magneticVariation": {
            "enabled": false,
            "magneticDegrees": 0
          },
          "standard": {
            "template": {
              "text": "{wind_dir}/{wind_spd}KT",
              "voice": "SURFACE WIND {wind_dir} DEGREES {wind_spd} KNOTS"
            }
          },
          "standardGust": {
            "template": {
              "text": "{wind_dir}/{wind_spd}G{wind_gust}KT",
              "voice": "SURFACE WIND {wind_dir} DEGREES {wind_spd} GUSTING {wind_gust} KNOTS"
            }
          },
          "variable": {
            "template": {
              "text": "VRB{wind_spd}KT",
              "voice": "SURFACE WIND VARIABLE {wind_spd} KNOTS"
            }
          },
          "variableGust": {
            "template": {
              "text": "VRB{wind_spd}G{wind_gust}KT",
              "voice": "SURFACE WIND VARIABLE {wind_spd} GUSTING {wind_gust} KNOTS"
            }
          },
          "variableDirection": {
            "template": {
              "text": "{wind_vmin}V{wind_vmax}",
              "voice": "WIND VARIABLE BETWEEN {wind_vmin} AND {wind_vmax} DEGREES"
            }
          },
          "calm": {
            "calmWindSpeed": 3,
            "template": {
              "text": "{wind}",
              "voice": "SURFACE WIND CALM"
            }
          }
        },
        "visibility": {
          "north": "to the north",
          "northEast": "to the north-east",
          "east": "to the east",
          "southEast": "to the south-east",
          "south": "to the south",
          "southWest": "to the south-west",
          "west": "to the west",
          "northWest": "to the north-west",
          "unlimitedVisibilityVoice": "visibility 10 kilometers or more",
          "unlimitedVisibilityText": "VIS 10KM",
          "includeVisibilitySuffix": true,
          "metersCutoff": 9000,
          "template": {
            "text": "{visibility}",
            "voice": "VISIBILITY {visibility}"
          }
        },
        "presentWeather": {
          "lightIntensity": "light",
          "moderateIntensity": "",
          "heavyIntensity": "heavy",
          "vicinity": "in vicinity",
          "weatherTypes": {
            "DZ": "drizzle",
            "RA": "rain",
            "SN": "snow",
            "SG": "snow grains",
            "IC": "ice crystals",
            "PL": "ice pellets",
            "GR": "hail",
            "GS": "small hail",
            "UP": "unknown precipitation",
            "BR": "mist",
            "FG": "fog",
            "FU": "smoke",
            "VA": "volcanic ash",
            "DU": "widespread dust",
            "SA": "sand",
            "HZ": "haze",
            "PY": "spray",
            "PO": "well developed dust, sand whirls",
            "SQ": "squalls",
            "FC": "funnel cloud tornado waterspout",
            "SS": "sandstorm",
            "DS": "dust storm"
          },
          "weatherDescriptors": {
            "PR": "partial",
            "BC": "patches",
            "MI": "shallow",
            "DR": "low drifting",
            "BL": "blowing",
            "SH": "showers",
            "TS": "thunderstorm",
            "FZ": "freezing"
          },
          "template": {
            "text": "{weather}",
            "voice": "{weather}"
          }
        },
        "clouds": {
          "identifyCeilingLayer": false,
          "convertToMetric": false,
          "undeterminedLayerAltitude": {
            "text": "undetermined",
            "voice": "undetermined"
          },
          "types": {
            "FEW": {
              "$type": "Vatsim.Vatis.Profiles.AtisFormat.Nodes.CloudType, vATIS",
              "text": "FEW{altitude}",
              "voice": "Clouds few at {altitude} feet"
            },
            "SCT": {
              "$type": "Vatsim.Vatis.Profiles.AtisFormat.Nodes.CloudType, vATIS",
              "text": "SCT{altitude}{convective}",
              "voice": "Clouds scattered {convective} at {altitude} feet"
            },
            "BKN": {
              "$type": "Vatsim.Vatis.Profiles.AtisFormat.Nodes.CloudType, vATIS",
              "text": "BKN{altitude}{convective}",
              "voice": "Clouds broken {convective} at {altitude} feet"
            },
            "OVC": {
              "$type": "Vatsim.Vatis.Profiles.AtisFormat.Nodes.CloudType, vATIS",
              "text": "OVC{altitude}{convective}",
              "voice": "Clouds overcast {convective} at {altitude} feet"
            },
            "VV": {
              "$type": "Vatsim.Vatis.Profiles.AtisFormat.Nodes.CloudType, vATIS",
              "text": "VV{altitude}",
              "voice": "indefinite ceiling {altitude}"
            },
            "NSC": {
              "$type": "Vatsim.Vatis.Profiles.AtisFormat.Nodes.CloudType, vATIS",
              "text": "NSC",
              "voice": "no significant clouds"
            },
            "NCD": {
              "$type": "Vatsim.Vatis.Profiles.AtisFormat.Nodes.CloudType, vATIS",
              "text": "NCD",
              "voice": "no clouds detected"
            },
            "CLR": {
              "$type": "Vatsim.Vatis.Profiles.AtisFormat.Nodes.CloudType, vATIS",
              "text": "CLR",
              "voice": "sky clear"
            },
            "SKC": {
              "$type": "Vatsim.Vatis.Profiles.AtisFormat.Nodes.CloudType, vATIS",
              "text": "SKC",
              "voice": "sky clear"
            }
          },
          "convectiveTypes": {
            "CB": "cumulonimbus",
            "TCU": "towering cumulus"
          },
          "template": {
            "text": "{clouds}",
            "voice": "{clouds}"
          }
        },
        "temperature": {
          "usePlusPrefix": false,
          "pronounceLeadingZero": false,
          "template": {
            "text": "{temp}",
            "voice": "TEMPERATURE {temp}"
          }
        },
        "dewpoint": {
          "usePlusPrefix": false,
          "pronounceLeadingZero": false,
          "template": {
            "text": "{dewpoint}",
            "voice": "DEWPOINT {dewpoint}"
          }
        },
        "altimeter": {
          "pronounceDecimal": false,
          "template": {
            "text": "QNH {altimeter}",
            "voice": "QNH {altimeter}"
          }
        },
        "transitionLevel": {
          "values": [
            {
              "Low": 1050,
              "High": 1060,
              "Altitude": 60
            },
            {
              "Low": 1032,
              "High": 1049,
              "Altitude": 65
            },
            {
              "Low": 1013,
              "High": 1031,
              "Altitude": 70
            },
            {
              "Low": 995,
              "High": 1012,
              "Altitude": 75
            },
            {
              "Low": 977,
              "High": 994,
              "Altitude": 80
            },
            {
              "Low": 959,
              "High": 976,
              "Altitude": 85
            }
          ],
          "template": {
            "text": "TRANSITION LEVEL {trl}",
            "voice": "TRANSITION LEVEL. FLIGHT LEVEL {trl}."
          }
        },
        "closingStatement": {
          "autoIncludeClosingStatement": false,
          "template": {
            "text": "...ADVS YOU HAVE INFO {letter}",
            "voice": "ADVISE ON INITIAL CONTACT, YOU HAVE INFORMATION {letter|word}"
          }
        }
      },
      "NotamsBeforeFreeText": false
    },

    {
      "Name": "Cranfield",
      "Identifier": "EGTC",
      "AtisType": 0,
      "codeRange": {
        "low": "A",
        "high": "Z"
      },
      "AtisFrequency": 21875,
      "AtisVoice": {
        "UseTextToSpeech": true,
        "Voice": "UK Male"
      },
      "idsEndpoint": "",
      "useNotamPrefix": false,
      "useDecimalTerminology": true,
      "airportConditionsBeforeFreeText": false,
      "notamsBeforeFreeText": false,
      "Presets": [
        {
          "Name": "RUNWAY 21 (LTC_M_CTR)",
          "AirportConditions": "DEPARTING AIRCRAFT MAKE INITIAL CONTACT WITH LONDON CONTROL ON 121.025",
          "ArbitraryText": null,
          "Template": "THIS IS [FACILITY] INFORMATION [ATIS_CODE] AT TIME [OBS_TIME]. AUTOMATIC. RUNWAY 21 IN USE. [TL]. [NOTAMS]. [ARPT_COND]. [WIND]. [VIS]. [RVR]. [PRESENT_WX]. [CLOUDS]. [TEMP]. [DEW]. [PRESSURE]. ACKNOWLEDGE RECEIPT OF INFORMATION [ATIS_CODE] AND ADVISE AIRCRAFT TYPE ON FIRST CONTACT."
        },
        {
          "Name": "RUNWAY 03 (LTC_M_CTR)",
          "AirportConditions": "EXPECT AN RNP APPROACH. DEPARTING AIRCRAFT MAKE INITIAL CONTACT WITH LONDON CONTROL ON 121.025",
          "ArbitraryText": null,
          "Template": "THIS IS [FACILITY] INFORMATION [ATIS_CODE] AT TIME [OBS_TIME]. AUTOMATIC. RUNWAY 03 IN USE. [TL]. [NOTAMS]. [ARPT_COND]. [WIND]. [VIS]. [RVR]. [PRESENT_WX]. [CLOUDS]. [TEMP]. [DEW]. [PRESSURE]. ACKNOWLEDGE RECEIPT OF INFORMATION [ATIS_CODE] AND ADVISE AIRCRAFT TYPE ON FIRST CONTACT."
        },
        {
          "Name": "RUNWAY 21 (LTC_MW_CTR)",
          "AirportConditions": "DEPARTING AIRCRAFT MAKE INITIAL CONTACT WITH LONDON CONTROL ON 130.925",
          "ArbitraryText": null,
          "Template": "THIS IS [FACILITY] INFORMATION [ATIS_CODE] AT TIME [OBS_TIME]. AUTOMATIC. RUNWAY 21 IN USE. [TL]. [NOTAMS]. [ARPT_COND]. [WIND]. [VIS]. [RVR]. [PRESENT_WX]. [CLOUDS]. [TEMP]. [DEW]. [PRESSURE]. ACKNOWLEDGE RECEIPT OF INFORMATION [ATIS_CODE] AND ADVISE AIRCRAFT TYPE ON FIRST CONTACT."
        },
        {
          "Name": "RUNWAY 03 (LTC_MW_CTR)",
          "AirportConditions": "EXPECT AN RNP APPROACH. DEPARTING AIRCRAFT MAKE INITIAL CONTACT WITH LONDON CONTROL ON 130.925",
          "ArbitraryText": null,
          "Template": "THIS IS [FACILITY] INFORMATION [ATIS_CODE] AT TIME [OBS_TIME]. AUTOMATIC. RUNWAY 03 IN USE. [TL]. [NOTAMS]. [ARPT_COND]. [WIND]. [VIS]. [RVR]. [PRESENT_WX]. [CLOUDS]. [TEMP]. [DEW]. [PRESSURE]. ACKNOWLEDGE RECEIPT OF INFORMATION [ATIS_CODE] AND ADVISE AIRCRAFT TYPE ON FIRST CONTACT."
        }

      ],
      "Contractions": [
        {
          "String": "HPA",
          "Spoken": "HECTO-PASKALS"
        },
        {
          "String": "RNAV",
          "Spoken": "ARE-NAV"
        },
        {
          "String": "CAVOK",
          "Spoken": "CAV-OH-KAY"
        },
        {
          "String": "RNP",
          "Spoken": "ARE-ENN-PEE"
        },
        {
          "String": "WIP",
          "Spoken": "WORK-IN-PROGRESS"
        },
        {
          "String": "ILS",
          "Spoken": "EYE-ELL-ESS"
        },
        {
          "String": "ATC",
          "Spoken": "AY-TEE-SEE"
        },
        {
          "String": "DATALINK",
          "Spoken": "DATA-LINK"
        },
        {
          "string": "CPT",
          "spoken": "COMPTON"
        },
        {
          "string": "SRO",
          "spoken": "SINGLE RUNWAY OPERATIONS"
        }

      ],
      "AirportConditionDefinitions": [],
      "AirportConditionsBeforeFreeText": false,
      "NotamDefinitions": [
        {
          "Ordinal": 1,
          "Text": ".ATC LOW VISIBILITY PROCEDURES IN FORCE.",
          "Enabled": false
        },
        {
          "Ordinal": 2,
          "Text": ".DATALINK CLEARANCES ARE AVAILABLE.",
          "Enabled": false
        },
        {
          "ordinal": 3,
          "text": ".WINDSHEAR REPORTED ON DEPARTURE.",
          "enabled": false
        }
      ],
      "atisFormat": {
        "observationTime": {
          "template": {
            "text": "{time}Z",
            "voice": "{time} ZULU {special}"
          }
        },
        "surfaceWind": {
          "speakLeadingZero": false,
          "magneticVariation": {
            "enabled": false,
            "magneticDegrees": 0
          },
          "standard": {
            "template": {
              "text": "{wind_dir}/{wind_spd}KT",
              "voice": "SURFACE WIND {wind_dir} DEGREES {wind_spd} KNOTS"
            }
          },
          "standardGust": {
            "template": {
              "text": "{wind_dir}/{wind_spd}G{wind_gust}KT",
              "voice": "SURFACE WIND {wind_dir} DEGREES {wind_spd} GUSTING {wind_gust} KNOTS"
            }
          },
          "variable": {
            "template": {
              "text": "VRB{wind_spd}KT",
              "voice": "SURFACE WIND VARIABLE {wind_spd} KNOTS"
            }
          },
          "variableGust": {
            "template": {
              "text": "VRB{wind_spd}G{wind_gust}KT",
              "voice": "SURFACE WIND VARIABLE {wind_spd} GUSTING {wind_gust} KNOTS"
            }
          },
          "variableDirection": {
            "template": {
              "text": "{wind_vmin}V{wind_vmax}",
              "voice": "WIND VARIABLE BETWEEN {wind_vmin} AND {wind_vmax} DEGREES"
            }
          },
          "calm": {
            "calmWindSpeed": 3,
            "template": {
              "text": "{wind}",
              "voice": "SURFACE WIND CALM"
            }
          }
        },
        "visibility": {
          "north": "to the north",
          "northEast": "to the north-east",
          "east": "to the east",
          "southEast": "to the south-east",
          "south": "to the south",
          "southWest": "to the south-west",
          "west": "to the west",
          "northWest": "to the north-west",
          "unlimitedVisibilityVoice": "visibility 10 kilometers or more",
          "unlimitedVisibilityText": "VIS 10KM",
          "includeVisibilitySuffix": true,
          "metersCutoff": 9000,
          "template": {
            "text": "{visibility}",
            "voice": "VISIBILITY {visibility}"
          }
        },
        "presentWeather": {
          "lightIntensity": "light",
          "moderateIntensity": "",
          "heavyIntensity": "heavy",
          "vicinity": "in vicinity",
          "weatherTypes": {
            "DZ": "drizzle",
            "RA": "rain",
            "SN": "snow",
            "SG": "snow grains",
            "IC": "ice crystals",
            "PL": "ice pellets",
            "GR": "hail",
            "GS": "small hail",
            "UP": "unknown precipitation",
            "BR": "mist",
            "FG": "fog",
            "FU": "smoke",
            "VA": "volcanic ash",
            "DU": "widespread dust",
            "SA": "sand",
            "HZ": "haze",
            "PY": "spray",
            "PO": "well developed dust, sand whirls",
            "SQ": "squalls",
            "FC": "funnel cloud tornado waterspout",
            "SS": "sandstorm",
            "DS": "dust storm"
          },
          "weatherDescriptors": {
            "PR": "partial",
            "BC": "patches",
            "MI": "shallow",
            "DR": "low drifting",
            "BL": "blowing",
            "SH": "showers",
            "TS": "thunderstorm",
            "FZ": "freezing"
          },
          "template": {
            "text": "{weather}",
            "voice": "{weather}"
          }
        },
        "clouds": {
          "identifyCeilingLayer": false,
          "convertToMetric": false,
          "undeterminedLayerAltitude": {
            "text": "undetermined",
            "voice": "undetermined"
          },
          "types": {
            "FEW": {
              "$type": "Vatsim.Vatis.Profiles.AtisFormat.Nodes.CloudType, vATIS",
              "text": "FEW{altitude}",
              "voice": "Clouds few at {altitude} feet"
            },
            "SCT": {
              "$type": "Vatsim.Vatis.Profiles.AtisFormat.Nodes.CloudType, vATIS",
              "text": "SCT{altitude}{convective}",
              "voice": "Clouds scattered {convective} at {altitude} feet"
            },
            "BKN": {
              "$type": "Vatsim.Vatis.Profiles.AtisFormat.Nodes.CloudType, vATIS",
              "text": "BKN{altitude}{convective}",
              "voice": "Clouds broken {convective} at {altitude} feet"
            },
            "OVC": {
              "$type": "Vatsim.Vatis.Profiles.AtisFormat.Nodes.CloudType, vATIS",
              "text": "OVC{altitude}{convective}",
              "voice": "Clouds overcast {convective} at {altitude} feet"
            },
            "VV": {
              "$type": "Vatsim.Vatis.Profiles.AtisFormat.Nodes.CloudType, vATIS",
              "text": "VV{altitude}",
              "voice": "indefinite ceiling {altitude}"
            },
            "NSC": {
              "$type": "Vatsim.Vatis.Profiles.AtisFormat.Nodes.CloudType, vATIS",
              "text": "NSC",
              "voice": "no significant clouds"
            },
            "NCD": {
              "$type": "Vatsim.Vatis.Profiles.AtisFormat.Nodes.CloudType, vATIS",
              "text": "NCD",
              "voice": "no clouds detected"
            },
            "CLR": {
              "$type": "Vatsim.Vatis.Profiles.AtisFormat.Nodes.CloudType, vATIS",
              "text": "CLR",
              "voice": "sky clear"
            },
            "SKC": {
              "$type": "Vatsim.Vatis.Profiles.AtisFormat.Nodes.CloudType, vATIS",
              "text": "SKC",
              "voice": "sky clear"
            }
          },
          "convectiveTypes": {
            "CB": "cumulonimbus",
            "TCU": "towering cumulus"
          },
          "template": {
            "text": "{clouds}",
            "voice": "{clouds}"
          }
        },
        "temperature": {
          "usePlusPrefix": false,
          "pronounceLeadingZero": false,
          "template": {
            "text": "{temp}",
            "voice": "TEMPERATURE {temp}"
          }
        },
        "dewpoint": {
          "usePlusPrefix": false,
          "pronounceLeadingZero": false,
          "template": {
            "text": "{dewpoint}",
            "voice": "DEWPOINT {dewpoint}"
          }
        },
        "altimeter": {
          "pronounceDecimal": false,
          "template": {
            "text": "QNH {altimeter}",
            "voice": "QNH {altimeter}"
          }
        },
        "transitionLevel": {
          "values": [
            {
              "Low": 1050,
              "High": 1060,
              "Altitude": 60
            },
            {
              "Low": 1032,
              "High": 1049,
              "Altitude": 65
            },
            {
              "Low": 1013,
              "High": 1031,
              "Altitude": 70
            },
            {
              "Low": 995,
              "High": 1012,
              "Altitude": 75
            },
            {
              "Low": 977,
              "High": 994,
              "Altitude": 80
            },
            {
              "Low": 959,
              "High": 976,
              "Altitude": 85
            }
          ],
          "template": {
            "text": "TRANSITION LEVEL {trl}",
            "voice": "TRANSITION LEVEL. FLIGHT LEVEL {trl}."
          }
        },
        "closingStatement": {
          "autoIncludeClosingStatement": false,
          "template": {
            "text": "...ADVS YOU HAVE INFO {letter}",
            "voice": "ADVISE ON INITIAL CONTACT, YOU HAVE INFORMATION {letter|word}"
          }
        }
      },
      "NotamsBeforeFreeText": false
    }
  ]
}