{
  "Name": "UK - AC West",
  "Composites": [
    {
      "Name": "Newquay",
      "Identifier": "EGHQ",
      "AtisType": 0,
      "codeRange": {
        "low": "A",
        "high": "Z"
      },
      "AtisFrequency": 27400,
      "AtisVoice": {
        "UseTextToSpeech": true,
        "Voice": "UK Male"
      },
      "idsEndpoint": "",
      "useNotamPrefix": false,
      "useDecimalTerminology": true,
      "airportConditionsBeforeFreeText": false,
      "notamsBeforeFreeText": false,
      "Presets": [
        {
          "Name": "RUNWAY 30 (LON_W_CTR)",
          "AirportConditions": "DEPARTING AIRCRAFT MAKE INITIAL CONTACT WITH LONDON CONTROL ON 126.080",
          "ArbitraryText": null,
          "Template": "NEWQUAY AIRPORT INFORMATION [ATIS_CODE] AT TIME [OBS_TIME]. RUNWAY 30 IN USE. [TL]. [WIND]. [VIS]. [RVR]. [PRESENT_WX]. [CLOUDS]. [TEMP]. [DEW]. [PRESSURE]. [ARPT_COND]. [NOTAMS]."
        },
        {
          "Name": "RUNWAY 12 (LON_W_CTR)",
          "AirportConditions": "DEPARTING AIRCRAFT MAKE INITIAL CONTACT WITH LONDON CONTROL ON 126.080",
          "ArbitraryText": null,
          "Template": "NEWQUAY AIRPORT INFORMATION [ATIS_CODE] AT TIME [OBS_TIME]. RUNWAY 12 IN USE. [TL]. [WIND]. [VIS]. [RVR]. [PRESENT_WX]. [CLOUDS]. [TEMP]. [DEW]. [PRESSURE]. [ARPT_COND]. [NOTAMS]."
        },
        {
          "Name": "RUNWAY 30 (LON_WX_CTR)",
          "AirportConditions": "DEPARTING AIRCRAFT MAKE INITIAL CONTACT WITH LONDON CONTROL ON 128.825",
          "ArbitraryText": null,
          "Template": "NEWQUAY AIRPORT INFORMATION [ATIS_CODE] AT TIME [OBS_TIME]. RUNWAY 30 IN USE. [TL]. [WIND]. [VIS]. [RVR]. [PRESENT_WX]. [CLOUDS]. [TEMP]. [DEW]. [PRESSURE]. [ARPT_COND]. [NOTAMS]."
        },
        {
          "Name": "RUNWAY 12 (LON_WX_CTR)",
          "AirportConditions": "DEPARTING AIRCRAFT MAKE INITIAL CONTACT WITH LONDON CONTROL ON 128.825",
          "ArbitraryText": null,
          "Template": "NEWQUAY AIRPORT INFORMATION [ATIS_CODE] AT TIME [OBS_TIME]. RUNWAY 12 IN USE. [TL]. [WIND]. [VIS]. [RVR]. [PRESENT_WX]. [CLOUDS]. [TEMP]. [DEW]. [PRESSURE]. [ARPT_COND]. [NOTAMS]."
        }

      ],
      "Contractions": [
        {
          "String": "HPA",
          "Spoken": "HECTO-PASKALS"
        },
        {
          "String": "RNAV",
          "Spoken": "ARE-NAV"
        },
        {
          "String": "CAVOK",
          "Spoken": "CAV-OH-KAY"
        },
        {
          "String": "RNP",
          "Spoken": "ARE-ENN-PEE"
        },
        {
          "String": "WIP",
          "Spoken": "WORK-IN-PROGRESS"
        },
        {
          "String": "ILS",
          "Spoken": "EYE-ELL-ESS"
        },
        {
          "String": "ATC",
          "Spoken": "AY-TEE-SEE"
        },
        {
          "String": "DATALINK",
          "Spoken": "DATA-LINK"
        },
        {
          "string": "CPT",
          "spoken": "COMPTON"
        },
        {
          "string": "SRO",
          "spoken": "SINGLE RUNWAY OPERATIONS"
        },
        {
          "string": "26L/08R",
          "spoken": "TWO SIX LEFT ZERO EIGHT RIGHT"
        }

      ],
      "AirportConditionDefinitions": [],
      "AirportConditionsBeforeFreeText": false,
      "NotamDefinitions": [
        {
          "Ordinal": 1,
          "Text": ".ATC LOW VISIBILITY PROCEDURES IN FORCE.",
          "Enabled": false
        },
        {
          "Ordinal": 2,
          "Text": ".DATALINK CLEARANCES ARE NOT AVAILABLE.",
          "Enabled": true
        },
        {
          "ordinal": 3,
          "text": ".WINDSHEAR REPORTED ON DEPARTURE.",
          "enabled": false
        }
      ],
      "atisFormat": {
        "observationTime": {
          "template": {
            "text": "{time}Z",
            "voice": "{time} ZULU {special}"
          }
        },
        "surfaceWind": {
          "speakLeadingZero": false,
          "magneticVariation": {
            "enabled": false,
            "magneticDegrees": 0
          },
          "standard": {
            "template": {
              "text": "{wind_dir}/{wind_spd}KT",
              "voice": "SURFACE WIND {wind_dir} DEGREES {wind_spd} KNOTS"
            }
          },
          "standardGust": {
            "template": {
              "text": "{wind_dir}/{wind_spd}G{wind_gust}KT",
              "voice": "SURFACE WIND {wind_dir} DEGREES {wind_spd} GUSTING {wind_gust} KNOTS"
            }
          },
          "variable": {
            "template": {
              "text": "VRB{wind_spd}KT",
              "voice": "SURFACE WIND VARIABLE {wind_spd} KNOTS"
            }
          },
          "variableGust": {
            "template": {
              "text": "VRB{wind_spd}G{wind_gust}KT",
              "voice": "SURFACE WIND VARIABLE {wind_spd} GUSTING {wind_gust} KNOTS"
            }
          },
          "variableDirection": {
            "template": {
              "text": "{wind_vmin}V{wind_vmax}",
              "voice": "WIND VARIABLE BETWEEN {wind_vmin} AND {wind_vmax} DEGREES"
            }
          },
          "calm": {
            "calmWindSpeed": 3,
            "template": {
              "text": "{wind}",
              "voice": "SURFACE WIND CALM"
            }
          }
        },
        "visibility": {
          "north": "to the north",
          "northEast": "to the north-east",
          "east": "to the east",
          "southEast": "to the south-east",
          "south": "to the south",
          "southWest": "to the south-west",
          "west": "to the west",
          "northWest": "to the north-west",
          "unlimitedVisibilityVoice": "visibility 10 kilometers or more",
          "unlimitedVisibilityText": "VIS 10KM",
          "includeVisibilitySuffix": true,
          "metersCutoff": 9000,
          "template": {
            "text": "{visibility}",
            "voice": "VISIBILITY {visibility}"
          }
        },
        "presentWeather": {
          "lightIntensity": "light",
          "moderateIntensity": "",
          "heavyIntensity": "heavy",
          "vicinity": "in vicinity",
          "weatherTypes": {
            "DZ": "drizzle",
            "RA": "rain",
            "SN": "snow",
            "SG": "snow grains",
            "IC": "ice crystals",
            "PL": "ice pellets",
            "GR": "hail",
            "GS": "small hail",
            "UP": "unknown precipitation",
            "BR": "mist",
            "FG": "fog",
            "FU": "smoke",
            "VA": "volcanic ash",
            "DU": "widespread dust",
            "SA": "sand",
            "HZ": "haze",
            "PY": "spray",
            "PO": "well developed dust, sand whirls",
            "SQ": "squalls",
            "FC": "funnel cloud tornado waterspout",
            "SS": "sandstorm",
            "DS": "dust storm"
          },
          "weatherDescriptors": {
            "PR": "partial",
            "BC": "patches",
            "MI": "shallow",
            "DR": "low drifting",
            "BL": "blowing",
            "SH": "showers",
            "TS": "thunderstorm",
            "FZ": "freezing"
          },
          "template": {
            "text": "{weather}",
            "voice": "{weather}"
          }
        },
        "clouds": {
          "identifyCeilingLayer": false,
          "convertToMetric": false,
          "undeterminedLayerAltitude": {
            "text": "undetermined",
            "voice": "undetermined"
          },
          "types": {
            "FEW": {
              "$type": "Vatsim.Vatis.Profiles.AtisFormat.Nodes.CloudType, vATIS",
              "text": "FEW{altitude}",
              "voice": "Clouds few at {altitude} feet"
            },
            "SCT": {
              "$type": "Vatsim.Vatis.Profiles.AtisFormat.Nodes.CloudType, vATIS",
              "text": "SCT{altitude}{convective}",
              "voice": "Clouds scattered {convective} at {altitude} feet"
            },
            "BKN": {
              "$type": "Vatsim.Vatis.Profiles.AtisFormat.Nodes.CloudType, vATIS",
              "text": "BKN{altitude}{convective}",
              "voice": "Clouds broken {convective} at {altitude} feet"
            },
            "OVC": {
              "$type": "Vatsim.Vatis.Profiles.AtisFormat.Nodes.CloudType, vATIS",
              "text": "OVC{altitude}{convective}",
              "voice": "Clouds overcast {convective} at {altitude} feet"
            },
            "VV": {
              "$type": "Vatsim.Vatis.Profiles.AtisFormat.Nodes.CloudType, vATIS",
              "text": "VV{altitude}",
              "voice": "indefinite ceiling {altitude}"
            },
            "NSC": {
              "$type": "Vatsim.Vatis.Profiles.AtisFormat.Nodes.CloudType, vATIS",
              "text": "NSC",
              "voice": "no significant clouds"
            },
            "NCD": {
              "$type": "Vatsim.Vatis.Profiles.AtisFormat.Nodes.CloudType, vATIS",
              "text": "NCD",
              "voice": "no clouds detected"
            },
            "CLR": {
              "$type": "Vatsim.Vatis.Profiles.AtisFormat.Nodes.CloudType, vATIS",
              "text": "CLR",
              "voice": "sky clear"
            },
            "SKC": {
              "$type": "Vatsim.Vatis.Profiles.AtisFormat.Nodes.CloudType, vATIS",
              "text": "SKC",
              "voice": "sky clear"
            }
          },
          "convectiveTypes": {
            "CB": "cumulonimbus",
            "TCU": "towering cumulus"
          },
          "template": {
            "text": "{clouds}",
            "voice": "{clouds}"
          }
        },
        "temperature": {
          "usePlusPrefix": false,
          "pronounceLeadingZero": false,
          "template": {
            "text": "{temp}",
            "voice": "TEMPERATURE {temp}"
          }
        },
        "dewpoint": {
          "usePlusPrefix": false,
          "pronounceLeadingZero": false,
          "template": {
            "text": "{dewpoint}",
            "voice": "DEWPOINT {dewpoint}"
          }
        },
        "altimeter": {
          "pronounceDecimal": false,
          "template": {
            "text": "QNH {altimeter}",
            "voice": "QNH {altimeter}"
          }
        },
        "transitionLevel": {
          "values": [
            {
              "Low": 940,
              "High": 958,
              "Altitude": 90
            },
            {
              "Low": 959,
              "High": 976,
              "Altitude": 85
            },
            {
              "Low": 977,
              "High": 994,
              "Altitude": 80
            },
            {
              "Low": 995,
              "High": 1012,
              "Altitude": 75
            },
            {
              "Low": 1013,
              "High": 1031,
              "Altitude": 70
            },
            {
              "Low": 1032,
              "High": 1049,
              "Altitude": 65
            }
          ],
          "template": {
            "text": "TRANSITION LEVEL {trl}",
            "voice": "TRANSITION LEVEL. FLIGHT LEVEL {trl}."
          }
        },
        "closingStatement": {
          "autoIncludeClosingStatement": false,
          "template": {
            "text": "...ADVS YOU HAVE INFO {letter}",
            "voice": "ADVISE ON INITIAL CONTACT, YOU HAVE INFORMATION {letter|word}"
          }
        }
      },
      "NotamsBeforeFreeText": false
    },
    {
      "Name": "Cardiff",
      "Identifier": "EGFF",
      "AtisType": 0,
      "codeRange": {
        "low": "A",
        "high": "Z"
      },
      "AtisFrequency": 32475,
      "AtisVoice": {
        "UseTextToSpeech": true,
        "Voice": "UK Male"
      },
      "idsEndpoint": "",
      "useNotamPrefix": false,
      "useDecimalTerminology": true,
      "airportConditionsBeforeFreeText": false,
      "notamsBeforeFreeText": false,
      "Presets": [
        {
          "Name": "RUNWAY 30 (LON_W_CTR)",
          "AirportConditions": "DEPARTING AIRCRAFT MAKE INITIAL CONTACT WITH LONDON CONTROL ON 126.080",
          "ArbitraryText": null,
          "Template": "THIS IS [FACILITY] INFORMATION [ATIS_CODE] AT TIME [OBS_TIME]. RUNWAY 30 IN USE. [TL]. [NOTAMS]. [ARPT_COND]. [WIND]. [VIS]. [RVR]. [PRESENT_WX]. [CLOUDS]. [TEMP]. [DEW]. [PRESSURE]. ACKNOWLEDGE RECEIPT OF INFORMATION [ATIS_CODE] AND ADVISE AIRCRAFT TYPE ON FIRST CONTACT."
        },
        {
          "Name": "RUNWAY 12 (LON_W_CTR)",
          "AirportConditions": "DEPARTING AIRCRAFT MAKE INITIAL CONTACT WITH LONDON CONTROL ON 126.080",
          "ArbitraryText": null,
          "Template": "THIS IS [FACILITY] INFORMATION [ATIS_CODE] AT TIME [OBS_TIME]. RUNWAY 12 IN USE. [TL]. [NOTAMS]. [ARPT_COND]. [WIND]. [VIS]. [RVR]. [PRESENT_WX]. [CLOUDS]. [TEMP]. [DEW]. [PRESSURE]. ACKNOWLEDGE RECEIPT OF INFORMATION [ATIS_CODE] AND ADVISE AIRCRAFT TYPE ON FIRST CONTACT."
        },
        {
          "Name": "RUNWAY 30 (LON_WP_CTR)",
          "AirportConditions": "DEPARTING AIRCRAFT MAKE INITIAL CONTACT WITH LONDON CONTROL ON 133.225",
          "ArbitraryText": null,
          "Template": "THIS IS [FACILITY] INFORMATION [ATIS_CODE] AT TIME [OBS_TIME]. RUNWAY 30 IN USE. [TL]. [NOTAMS]. [ARPT_COND]. [WIND]. [VIS]. [RVR]. [PRESENT_WX]. [CLOUDS]. [TEMP]. [DEW]. [PRESSURE]. ACKNOWLEDGE RECEIPT OF INFORMATION [ATIS_CODE] AND ADVISE AIRCRAFT TYPE ON FIRST CONTACT."
        },
        {
          "Name": "RUNWAY 12 (LON_WP_CTR)",
          "AirportConditions": "DEPARTING AIRCRAFT MAKE INITIAL CONTACT WITH LONDON CONTROL ON 133.225",
          "ArbitraryText": null,
          "Template": "THIS IS [FACILITY] INFORMATION [ATIS_CODE] AT TIME [OBS_TIME]. RUNWAY 12 IN USE. [TL]. [NOTAMS]. [ARPT_COND]. [WIND]. [VIS]. [RVR]. [PRESENT_WX]. [CLOUDS]. [TEMP]. [DEW]. [PRESSURE]. ACKNOWLEDGE RECEIPT OF INFORMATION [ATIS_CODE] AND ADVISE AIRCRAFT TYPE ON FIRST CONTACT."
        },
        {
          "Name": "RUNWAY 30 (LON_WB_CTR)",
          "AirportConditions": "DEPARTING AIRCRAFT MAKE INITIAL CONTACT WITH LONDON CONTROL ON 133.6",
          "ArbitraryText": null,
          "Template": "THIS IS [FACILITY] INFORMATION [ATIS_CODE] AT TIME [OBS_TIME]. RUNWAY 30 IN USE. [TL]. [NOTAMS]. [ARPT_COND]. [WIND]. [VIS]. [RVR]. [PRESENT_WX]. [CLOUDS]. [TEMP]. [DEW]. [PRESSURE]. ACKNOWLEDGE RECEIPT OF INFORMATION [ATIS_CODE] AND ADVISE AIRCRAFT TYPE ON FIRST CONTACT."
        },
        {
          "Name": "RUNWAY 12 (LON_WB_CTR)",
          "AirportConditions": "DEPARTING AIRCRAFT MAKE INITIAL CONTACT WITH LONDON CONTROL ON 133.6",
          "ArbitraryText": null,
          "Template": "THIS IS [FACILITY] INFORMATION [ATIS_CODE] AT TIME [OBS_TIME]. RUNWAY 12 IN USE. [TL]. [NOTAMS]. [ARPT_COND]. [WIND]. [VIS]. [RVR]. [PRESENT_WX]. [CLOUDS]. [TEMP]. [DEW]. [PRESSURE]. ACKNOWLEDGE RECEIPT OF INFORMATION [ATIS_CODE] AND ADVISE AIRCRAFT TYPE ON FIRST CONTACT."
        },
        {
          "Name": "RUNWAY 30 (LON_WR_CTR)",
          "AirportConditions": "DEPARTING AIRCRAFT MAKE INITIAL CONTACT WITH LONDON CONTROL ON 134.75",
          "ArbitraryText": null,
          "Template": "THIS IS [FACILITY] INFORMATION [ATIS_CODE] AT TIME [OBS_TIME]. RUNWAY 30 IN USE. [TL]. [NOTAMS]. [ARPT_COND]. [WIND]. [VIS]. [RVR]. [PRESENT_WX]. [CLOUDS]. [TEMP]. [DEW]. [PRESSURE]. ACKNOWLEDGE RECEIPT OF INFORMATION [ATIS_CODE] AND ADVISE AIRCRAFT TYPE ON FIRST CONTACT."
        },
        {
          "Name": "RUNWAY 12 (LON_WR_CTR)",
          "AirportConditions": "DEPARTING AIRCRAFT MAKE INITIAL CONTACT WITH LONDON CONTROL ON 134.75",
          "ArbitraryText": null,
          "Template": "THIS IS [FACILITY] INFORMATION [ATIS_CODE] AT TIME [OBS_TIME]. RUNWAY 12 IN USE. [TL]. [NOTAMS]. [ARPT_COND]. [WIND]. [VIS]. [RVR]. [PRESENT_WX]. [CLOUDS]. [TEMP]. [DEW]. [PRESSURE]. ACKNOWLEDGE RECEIPT OF INFORMATION [ATIS_CODE] AND ADVISE AIRCRAFT TYPE ON FIRST CONTACT."
        }

      ],
      "Contractions": [
        {
          "String": "HPA",
          "Spoken": "HECTO-PASKALS"
        },
        {
          "String": "RNAV",
          "Spoken": "ARE-NAV"
        },
        {
          "String": "CAVOK",
          "Spoken": "CAV-OH-KAY"
        },
        {
          "String": "RNP",
          "Spoken": "ARE-ENN-PEE"
        },
        {
          "String": "WIP",
          "Spoken": "WORK-IN-PROGRESS"
        },
        {
          "String": "ILS",
          "Spoken": "EYE-ELL-ESS"
        },
        {
          "String": "ATC",
          "Spoken": "AY-TEE-SEE"
        },
        {
          "String": "DATALINK",
          "Spoken": "DATA-LINK"
        },
        {
          "string": "CPT",
          "spoken": "COMPTON"
        },
        {
          "string": "SRO",
          "spoken": "SINGLE RUNWAY OPERATIONS"
        },
        {
          "string": "26L/08R",
          "spoken": "TWO SIX LEFT ZERO EIGHT RIGHT"
        }

      ],
      "AirportConditionDefinitions": [],
      "AirportConditionsBeforeFreeText": false,
      "NotamDefinitions": [
        {
          "Ordinal": 1,
          "Text": ".ATC LOW VISIBILITY PROCEDURES IN FORCE.",
          "Enabled": false
        },
        {
          "Ordinal": 2,
          "Text": ".DATALINK CLEARANCES ARE AVAILABLE.",
          "Enabled": true
        },
        {
          "ordinal": 3,
          "text": ".WINDSHEAR REPORTED ON DEPARTURE.",
          "enabled": false
        }
      ],
      "atisFormat": {
        "observationTime": {
          "template": {
            "text": "{time}Z",
            "voice": "{time} ZULU {special}"
          }
        },
        "surfaceWind": {
          "speakLeadingZero": false,
          "magneticVariation": {
            "enabled": false,
            "magneticDegrees": 0
          },
          "standard": {
            "template": {
              "text": "{wind_dir}/{wind_spd}KT",
              "voice": "SURFACE WIND {wind_dir} DEGREES {wind_spd} KNOTS"
            }
          },
          "standardGust": {
            "template": {
              "text": "{wind_dir}/{wind_spd}G{wind_gust}KT",
              "voice": "SURFACE WIND {wind_dir} DEGREES {wind_spd} GUSTING {wind_gust} KNOTS"
            }
          },
          "variable": {
            "template": {
              "text": "VRB{wind_spd}KT",
              "voice": "SURFACE WIND VARIABLE {wind_spd} KNOTS"
            }
          },
          "variableGust": {
            "template": {
              "text": "VRB{wind_spd}G{wind_gust}KT",
              "voice": "SURFACE WIND VARIABLE {wind_spd} GUSTING {wind_gust} KNOTS"
            }
          },
          "variableDirection": {
            "template": {
              "text": "{wind_vmin}V{wind_vmax}",
              "voice": "WIND VARIABLE BETWEEN {wind_vmin} AND {wind_vmax} DEGREES"
            }
          },
          "calm": {
            "calmWindSpeed": 3,
            "template": {
              "text": "{wind}",
              "voice": "SURFACE WIND CALM"
            }
          }
        },
        "visibility": {
          "north": "to the north",
          "northEast": "to the north-east",
          "east": "to the east",
          "southEast": "to the south-east",
          "south": "to the south",
          "southWest": "to the south-west",
          "west": "to the west",
          "northWest": "to the north-west",
          "unlimitedVisibilityVoice": "visibility 10 kilometers or more",
          "unlimitedVisibilityText": "VIS 10KM",
          "includeVisibilitySuffix": true,
          "metersCutoff": 9000,
          "template": {
            "text": "{visibility}",
            "voice": "VISIBILITY {visibility}"
          }
        },
        "presentWeather": {
          "lightIntensity": "light",
          "moderateIntensity": "",
          "heavyIntensity": "heavy",
          "vicinity": "in vicinity",
          "weatherTypes": {
            "DZ": "drizzle",
            "RA": "rain",
            "SN": "snow",
            "SG": "snow grains",
            "IC": "ice crystals",
            "PL": "ice pellets",
            "GR": "hail",
            "GS": "small hail",
            "UP": "unknown precipitation",
            "BR": "mist",
            "FG": "fog",
            "FU": "smoke",
            "VA": "volcanic ash",
            "DU": "widespread dust",
            "SA": "sand",
            "HZ": "haze",
            "PY": "spray",
            "PO": "well developed dust, sand whirls",
            "SQ": "squalls",
            "FC": "funnel cloud tornado waterspout",
            "SS": "sandstorm",
            "DS": "dust storm"
          },
          "weatherDescriptors": {
            "PR": "partial",
            "BC": "patches",
            "MI": "shallow",
            "DR": "low drifting",
            "BL": "blowing",
            "SH": "showers",
            "TS": "thunderstorm",
            "FZ": "freezing"
          },
          "template": {
            "text": "{weather}",
            "voice": "{weather}"
          }
        },
        "clouds": {
          "identifyCeilingLayer": false,
          "convertToMetric": false,
          "undeterminedLayerAltitude": {
            "text": "undetermined",
            "voice": "undetermined"
          },
          "types": {
            "FEW": {
              "$type": "Vatsim.Vatis.Profiles.AtisFormat.Nodes.CloudType, vATIS",
              "text": "FEW{altitude}",
              "voice": "Clouds few at {altitude} feet"
            },
            "SCT": {
              "$type": "Vatsim.Vatis.Profiles.AtisFormat.Nodes.CloudType, vATIS",
              "text": "SCT{altitude}{convective}",
              "voice": "Clouds scattered {convective} at {altitude} feet"
            },
            "BKN": {
              "$type": "Vatsim.Vatis.Profiles.AtisFormat.Nodes.CloudType, vATIS",
              "text": "BKN{altitude}{convective}",
              "voice": "Clouds broken {convective} at {altitude} feet"
            },
            "OVC": {
              "$type": "Vatsim.Vatis.Profiles.AtisFormat.Nodes.CloudType, vATIS",
              "text": "OVC{altitude}{convective}",
              "voice": "Clouds overcast {convective} at {altitude} feet"
            },
            "VV": {
              "$type": "Vatsim.Vatis.Profiles.AtisFormat.Nodes.CloudType, vATIS",
              "text": "VV{altitude}",
              "voice": "indefinite ceiling {altitude}"
            },
            "NSC": {
              "$type": "Vatsim.Vatis.Profiles.AtisFormat.Nodes.CloudType, vATIS",
              "text": "NSC",
              "voice": "no significant clouds"
            },
            "NCD": {
              "$type": "Vatsim.Vatis.Profiles.AtisFormat.Nodes.CloudType, vATIS",
              "text": "NCD",
              "voice": "no clouds detected"
            },
            "CLR": {
              "$type": "Vatsim.Vatis.Profiles.AtisFormat.Nodes.CloudType, vATIS",
              "text": "CLR",
              "voice": "sky clear"
            },
            "SKC": {
              "$type": "Vatsim.Vatis.Profiles.AtisFormat.Nodes.CloudType, vATIS",
              "text": "SKC",
              "voice": "sky clear"
            }
          },
          "convectiveTypes": {
            "CB": "cumulonimbus",
            "TCU": "towering cumulus"
          },
          "template": {
            "text": "{clouds}",
            "voice": "{clouds}"
          }
        },
        "temperature": {
          "usePlusPrefix": false,
          "pronounceLeadingZero": false,
          "template": {
            "text": "{temp}",
            "voice": "TEMPERATURE {temp}"
          }
        },
        "dewpoint": {
          "usePlusPrefix": false,
          "pronounceLeadingZero": false,
          "template": {
            "text": "{dewpoint}",
            "voice": "DEWPOINT {dewpoint}"
          }
        },
        "altimeter": {
          "pronounceDecimal": false,
          "template": {
            "text": "QNH {altimeter}",
            "voice": "QNH {altimeter}"
          }
        },
        "transitionLevel": {
          "values": [
            {
              "Low": 940,
              "High": 958,
              "Altitude": 90
            },
            {
              "Low": 959,
              "High": 976,
              "Altitude": 85
            },
            {
              "Low": 977,
              "High": 994,
              "Altitude": 80
            },
            {
              "Low": 995,
              "High": 1012,
              "Altitude": 75
            },
            {
              "Low": 1013,
              "High": 1031,
              "Altitude": 70
            },
            {
              "Low": 1032,
              "High": 1049,
              "Altitude": 65
            }
          ],
          "template": {
            "text": "TRANSITION LEVEL {trl}",
            "voice": "TRANSITION LEVEL. FLIGHT LEVEL {trl}."
          }
        },
        "closingStatement": {
          "autoIncludeClosingStatement": false,
          "template": {
            "text": "...ADVS YOU HAVE INFO {letter}",
            "voice": "ADVISE ON INITIAL CONTACT, YOU HAVE INFORMATION {letter|word}"
          }
        }
      },
      "NotamsBeforeFreeText": false
    },
    {
      "Name": "Exeter",
      "Identifier": "EGTE",
      "AtisType": 0,
      "codeRange": {
        "low": "A",
        "high": "Z"
      },
      "AtisFrequency": 19325,
      "AtisVoice": {
        "UseTextToSpeech": true,
        "Voice": "UK Male"
      },
      "idsEndpoint": "",
      "useNotamPrefix": false,
      "useDecimalTerminology": true,
      "airportConditionsBeforeFreeText": false,
      "notamsBeforeFreeText": false,
      "Presets": [
        {
          "Name": "RUNWAY 26 (LON_W_CTR)",
          "AirportConditions": "DEPARTING AIRCRAFT MAKE INITIAL CONTACT WITH LONDON CONTROL ON 126.080",
          "ArbitraryText": null,
          "Template": "THIS IS [FACILITY] INFORMATION [ATIS_CODE] AT TIME [OBS_TIME]. RUNWAY 26 IN USE. [TL]. [NOTAMS]. [ARPT_COND]. [WIND]. [VIS]. [RVR]. [PRESENT_WX]. [CLOUDS]. [TEMP]. [DEW]. [PRESSURE]. ACKNOWLEDGE RECEIPT OF INFORMATION [ATIS_CODE] AND ADVISE AIRCRAFT TYPE ON FIRST CONTACT."
        },
        {
          "Name": "RUNWAY 08 (LON_W_CTR)",
          "AirportConditions": "DEPARTING AIRCRAFT MAKE INITIAL CONTACT WITH LONDON CONTROL ON 126.080",
          "ArbitraryText": null,
          "Template": "THIS IS [FACILITY] INFORMATION [ATIS_CODE] AT TIME [OBS_TIME]. RUNWAY 08 IN USE. [TL]. [NOTAMS]. [ARPT_COND]. [WIND]. [VIS]. [RVR]. [PRESENT_WX]. [CLOUDS]. [TEMP]. [DEW]. [PRESSURE]. ACKNOWLEDGE RECEIPT OF INFORMATION [ATIS_CODE] AND ADVISE AIRCRAFT TYPE ON FIRST CONTACT."
        },
        {
          "Name": "RUNWAY 26 (LON_WX_CTR)",
          "AirportConditions": "DEPARTING AIRCRAFT MAKE INITIAL CONTACT WITH LONDON CONTROL ON 128.825",
          "ArbitraryText": null,
          "Template": "THIS IS [FACILITY] INFORMATION [ATIS_CODE] AT TIME [OBS_TIME]. RUNWAY 26 IN USE. [TL]. [NOTAMS]. [ARPT_COND]. [WIND]. [VIS]. [RVR]. [PRESENT_WX]. [CLOUDS]. [TEMP]. [DEW]. [PRESSURE]. ACKNOWLEDGE RECEIPT OF INFORMATION [ATIS_CODE] AND ADVISE AIRCRAFT TYPE ON FIRST CONTACT."
        },
        {
          "Name": "RUNWAY 08 (LON_WX_CTR)",
          "AirportConditions": "DEPARTING AIRCRAFT MAKE INITIAL CONTACT WITH LONDON CONTROL ON 128.825",
          "ArbitraryText": null,
          "Template": "THIS IS [FACILITY] INFORMATION [ATIS_CODE] AT TIME [OBS_TIME]. RUNWAY 08 IN USE. [TL]. [NOTAMS]. [ARPT_COND]. [WIND]. [VIS]. [RVR]. [PRESENT_WX]. [CLOUDS]. [TEMP]. [DEW]. [PRESSURE]. ACKNOWLEDGE RECEIPT OF INFORMATION [ATIS_CODE] AND ADVISE AIRCRAFT TYPE ON FIRST CONTACT."
        }

      ],
      "Contractions": [
        {
          "String": "HPA",
          "Spoken": "HECTO-PASKALS"
        },
        {
          "String": "RNAV",
          "Spoken": "ARE-NAV"
        },
        {
          "String": "CAVOK",
          "Spoken": "CAV-OH-KAY"
        },
        {
          "String": "RNP",
          "Spoken": "ARE-ENN-PEE"
        },
        {
          "String": "WIP",
          "Spoken": "WORK-IN-PROGRESS"
        },
        {
          "String": "ILS",
          "Spoken": "EYE-ELL-ESS"
        },
        {
          "String": "ATC",
          "Spoken": "AY-TEE-SEE"
        },
        {
          "String": "DATALINK",
          "Spoken": "DATA-LINK"
        },
        {
          "string": "CPT",
          "spoken": "COMPTON"
        },
        {
          "string": "SRO",
          "spoken": "SINGLE RUNWAY OPERATIONS"
        },
        {
          "string": "26L/08R",
          "spoken": "TWO SIX LEFT ZERO EIGHT RIGHT"
        }

      ],
      "AirportConditionDefinitions": [],
      "AirportConditionsBeforeFreeText": false,
      "NotamDefinitions": [
        {
          "Ordinal": 1,
          "Text": ".ATC LOW VISIBILITY PROCEDURES IN FORCE.",
          "Enabled": false
        },
        {
          "Ordinal": 2,
          "Text": ".DATALINK CLEARANCES ARE NOT AVAILABLE.",
          "Enabled": true
        },
        {
          "ordinal": 3,
          "text": ".WINDSHEAR REPORTED ON DEPARTURE.",
          "enabled": false
        }
      ],
      "atisFormat": {
        "observationTime": {
          "template": {
            "text": "{time}Z",
            "voice": "{time} ZULU {special}"
          }
        },
        "surfaceWind": {
          "speakLeadingZero": false,
          "magneticVariation": {
            "enabled": false,
            "magneticDegrees": 0
          },
          "standard": {
            "template": {
              "text": "{wind_dir}/{wind_spd}KT",
              "voice": "SURFACE WIND {wind_dir} DEGREES {wind_spd} KNOTS"
            }
          },
          "standardGust": {
            "template": {
              "text": "{wind_dir}/{wind_spd}G{wind_gust}KT",
              "voice": "SURFACE WIND {wind_dir} DEGREES {wind_spd} GUSTING {wind_gust} KNOTS"
            }
          },
          "variable": {
            "template": {
              "text": "VRB{wind_spd}KT",
              "voice": "SURFACE WIND VARIABLE {wind_spd} KNOTS"
            }
          },
          "variableGust": {
            "template": {
              "text": "VRB{wind_spd}G{wind_gust}KT",
              "voice": "SURFACE WIND VARIABLE {wind_spd} GUSTING {wind_gust} KNOTS"
            }
          },
          "variableDirection": {
            "template": {
              "text": "{wind_vmin}V{wind_vmax}",
              "voice": "WIND VARIABLE BETWEEN {wind_vmin} AND {wind_vmax} DEGREES"
            }
          },
          "calm": {
            "calmWindSpeed": 3,
            "template": {
              "text": "{wind}",
              "voice": "SURFACE WIND CALM"
            }
          }
        },
        "visibility": {
          "north": "to the north",
          "northEast": "to the north-east",
          "east": "to the east",
          "southEast": "to the south-east",
          "south": "to the south",
          "southWest": "to the south-west",
          "west": "to the west",
          "northWest": "to the north-west",
          "unlimitedVisibilityVoice": "visibility 10 kilometers or more",
          "unlimitedVisibilityText": "VIS 10KM",
          "includeVisibilitySuffix": true,
          "metersCutoff": 9000,
          "template": {
            "text": "{visibility}",
            "voice": "VISIBILITY {visibility}"
          }
        },
        "presentWeather": {
          "lightIntensity": "light",
          "moderateIntensity": "",
          "heavyIntensity": "heavy",
          "vicinity": "in vicinity",
          "weatherTypes": {
            "DZ": "drizzle",
            "RA": "rain",
            "SN": "snow",
            "SG": "snow grains",
            "IC": "ice crystals",
            "PL": "ice pellets",
            "GR": "hail",
            "GS": "small hail",
            "UP": "unknown precipitation",
            "BR": "mist",
            "FG": "fog",
            "FU": "smoke",
            "VA": "volcanic ash",
            "DU": "widespread dust",
            "SA": "sand",
            "HZ": "haze",
            "PY": "spray",
            "PO": "well developed dust, sand whirls",
            "SQ": "squalls",
            "FC": "funnel cloud tornado waterspout",
            "SS": "sandstorm",
            "DS": "dust storm"
          },
          "weatherDescriptors": {
            "PR": "partial",
            "BC": "patches",
            "MI": "shallow",
            "DR": "low drifting",
            "BL": "blowing",
            "SH": "showers",
            "TS": "thunderstorm",
            "FZ": "freezing"
          },
          "template": {
            "text": "{weather}",
            "voice": "{weather}"
          }
        },
        "clouds": {
          "identifyCeilingLayer": false,
          "convertToMetric": false,
          "undeterminedLayerAltitude": {
            "text": "undetermined",
            "voice": "undetermined"
          },
          "types": {
            "FEW": {
              "$type": "Vatsim.Vatis.Profiles.AtisFormat.Nodes.CloudType, vATIS",
              "text": "FEW{altitude}",
              "voice": "Clouds few at {altitude} feet"
            },
            "SCT": {
              "$type": "Vatsim.Vatis.Profiles.AtisFormat.Nodes.CloudType, vATIS",
              "text": "SCT{altitude}{convective}",
              "voice": "Clouds scattered {convective} at {altitude} feet"
            },
            "BKN": {
              "$type": "Vatsim.Vatis.Profiles.AtisFormat.Nodes.CloudType, vATIS",
              "text": "BKN{altitude}{convective}",
              "voice": "Clouds broken {convective} at {altitude} feet"
            },
            "OVC": {
              "$type": "Vatsim.Vatis.Profiles.AtisFormat.Nodes.CloudType, vATIS",
              "text": "OVC{altitude}{convective}",
              "voice": "Clouds overcast {convective} at {altitude} feet"
            },
            "VV": {
              "$type": "Vatsim.Vatis.Profiles.AtisFormat.Nodes.CloudType, vATIS",
              "text": "VV{altitude}",
              "voice": "indefinite ceiling {altitude}"
            },
            "NSC": {
              "$type": "Vatsim.Vatis.Profiles.AtisFormat.Nodes.CloudType, vATIS",
              "text": "NSC",
              "voice": "no significant clouds"
            },
            "NCD": {
              "$type": "Vatsim.Vatis.Profiles.AtisFormat.Nodes.CloudType, vATIS",
              "text": "NCD",
              "voice": "no clouds detected"
            },
            "CLR": {
              "$type": "Vatsim.Vatis.Profiles.AtisFormat.Nodes.CloudType, vATIS",
              "text": "CLR",
              "voice": "sky clear"
            },
            "SKC": {
              "$type": "Vatsim.Vatis.Profiles.AtisFormat.Nodes.CloudType, vATIS",
              "text": "SKC",
              "voice": "sky clear"
            }
          },
          "convectiveTypes": {
            "CB": "cumulonimbus",
            "TCU": "towering cumulus"
          },
          "template": {
            "text": "{clouds}",
            "voice": "{clouds}"
          }
        },
        "temperature": {
          "usePlusPrefix": false,
          "pronounceLeadingZero": false,
          "template": {
            "text": "{temp}",
            "voice": "TEMPERATURE {temp}"
          }
        },
        "dewpoint": {
          "usePlusPrefix": false,
          "pronounceLeadingZero": false,
          "template": {
            "text": "{dewpoint}",
            "voice": "DEWPOINT {dewpoint}"
          }
        },
        "altimeter": {
          "pronounceDecimal": false,
          "template": {
            "text": "QNH {altimeter}",
            "voice": "QNH {altimeter}"
          }
        },
        "transitionLevel": {
          "values": [
            {
              "Low": 940,
              "High": 958,
              "Altitude": 60
            },
            {
              "Low": 959,
              "High": 976,
              "Altitude": 55
            },
            {
              "Low": 977,
              "High": 994,
              "Altitude": 50
            },
            {
              "Low": 995,
              "High": 1012,
              "Altitude": 45
            },
            {
              "Low": 1013,
              "High": 1031,
              "Altitude": 40
            },
            {
              "Low": 1032,
              "High": 1049,
              "Altitude": 35
            }
          ],
          "template": {
            "text": "TRANSITION LEVEL {trl}",
            "voice": "TRANSITION LEVEL. FLIGHT LEVEL {trl}."
          }
        },
        "closingStatement": {
          "autoIncludeClosingStatement": false,
          "template": {
            "text": "...ADVS YOU HAVE INFO {letter}",
            "voice": "ADVISE ON INITIAL CONTACT, YOU HAVE INFORMATION {letter|word}"
          }
        }
      },
      "NotamsBeforeFreeText": false
    },
    {
      "Name": "Jersey",
      "Identifier": "EGJJ",
      "AtisType": 0,
      "codeRange": {
        "low": "A",
        "high": "Z"
      },
      "AtisFrequency": 34675,
      "AtisVoice": {
        "UseTextToSpeech": true,
        "Voice": "UK Male"
      },
      "idsEndpoint": "",
      "useNotamPrefix": false,
      "useDecimalTerminology": true,
      "airportConditionsBeforeFreeText": false,
      "notamsBeforeFreeText": false,
      "Presets": [
        {
          "Name": "RUNWAY 26 (LON_W_CTR)",
          "AirportConditions": "DEPARTING AIRCRAFT MAKE INITIAL CONTACT WITH LONDON CONTROL ON 126.080",
          "ArbitraryText": null,
          "Template": "JERSEY INFORMATION [ATIS_CODE] AT TIME [OBS_TIME]. RUNWAY 26 IN USE. [TL]. [NOTAMS]. [ARPT_COND]. [WIND]. [VIS]. [RVR]. [PRESENT_WX]. [CLOUDS]. [TEMP]. [DEW]. [PRESSURE]. ACKNOWLEDGE RECEIPT OF INFORMATION [ATIS_CODE] AND ADVISE AIRCRAFT TYPE ON FIRST CONTACT."
        },
        {
          "Name": "RUNWAY 08 (LON_W_CTR)",
          "AirportConditions": "DEPARTING AIRCRAFT MAKE INITIAL CONTACT WITH LONDON CONTROL ON 126.080",
          "ArbitraryText": null,
          "Template": "JERSEY INFORMATION [ATIS_CODE] AT TIME [OBS_TIME]. RUNWAY 08 IN USE. [TL]. [NOTAMS]. [ARPT_COND]. [WIND]. [VIS]. [RVR]. [PRESENT_WX]. [CLOUDS]. [TEMP]. [DEW]. [PRESSURE]. ACKNOWLEDGE RECEIPT OF INFORMATION [ATIS_CODE] AND ADVISE AIRCRAFT TYPE ON FIRST CONTACT."
        },
        {
          "Name": "RUNWAY 26 (LON_WX_CTR)",
          "AirportConditions": "DEPARTING AIRCRAFT MAKE INITIAL CONTACT WITH LONDON CONTROL ON 128.825",
          "ArbitraryText": null,
          "Template": "JERSEY INFORMATION [ATIS_CODE] AT TIME [OBS_TIME]. RUNWAY 26 IN USE. [TL]. [NOTAMS]. [ARPT_COND]. [WIND]. [VIS]. [RVR]. [PRESENT_WX]. [CLOUDS]. [TEMP]. [DEW]. [PRESSURE]. ACKNOWLEDGE RECEIPT OF INFORMATION [ATIS_CODE] AND ADVISE AIRCRAFT TYPE ON FIRST CONTACT."
        },
        {
          "Name": "RUNWAY 08 (LON_WX_CTR)",
          "AirportConditions": "DEPARTING AIRCRAFT MAKE INITIAL CONTACT WITH LONDON CONTROL ON 128.825",
          "ArbitraryText": null,
          "Template": "JERSEY INFORMATION [ATIS_CODE] AT TIME [OBS_TIME]. RUNWAY 08 IN USE. [TL]. [NOTAMS]. [ARPT_COND]. [WIND]. [VIS]. [RVR]. [PRESENT_WX]. [CLOUDS]. [TEMP]. [DEW]. [PRESSURE]. ACKNOWLEDGE RECEIPT OF INFORMATION [ATIS_CODE] AND ADVISE AIRCRAFT TYPE ON FIRST CONTACT."
        }

      ],
      "Contractions": [
        {
          "String": "HPA",
          "Spoken": "HECTO-PASKALS"
        },
        {
          "String": "RNAV",
          "Spoken": "ARE-NAV"
        },
        {
          "String": "CAVOK",
          "Spoken": "CAV-OH-KAY"
        },
        {
          "String": "RNP",
          "Spoken": "ARE-ENN-PEE"
        },
        {
          "String": "WIP",
          "Spoken": "WORK-IN-PROGRESS"
        },
        {
          "String": "ILS",
          "Spoken": "EYE-ELL-ESS"
        },
        {
          "String": "ATC",
          "Spoken": "AY-TEE-SEE"
        },
        {
          "String": "DATALINK",
          "Spoken": "DATA-LINK"
        },
        {
          "string": "CPT",
          "spoken": "COMPTON"
        },
        {
          "string": "SRO",
          "spoken": "SINGLE RUNWAY OPERATIONS"
        },
        {
          "string": "26L/08R",
          "spoken": "TWO SIX LEFT ZERO EIGHT RIGHT"
        }

      ],
      "AirportConditionDefinitions": [],
      "AirportConditionsBeforeFreeText": false,
      "NotamDefinitions": [
        {
          "Ordinal": 1,
          "Text": ".ATC LOW VISIBILITY PROCEDURES IN FORCE.",
          "Enabled": false
        },
        {
          "Ordinal": 2,
          "Text": ".DATALINK CLEARANCES ARE AVAILABLE.",
          "Enabled": true
        },
        {
          "ordinal": 3,
          "text": ".WINDSHEAR REPORTED ON DEPARTURE.",
          "enabled": false
        }
      ],
      "atisFormat": {
        "observationTime": {
          "template": {
            "text": "{time}Z",
            "voice": "{time} ZULU {special}"
          }
        },
        "surfaceWind": {
          "speakLeadingZero": false,
          "magneticVariation": {
            "enabled": false,
            "magneticDegrees": 0
          },
          "standard": {
            "template": {
              "text": "{wind_dir}/{wind_spd}KT",
              "voice": "SURFACE WIND {wind_dir} DEGREES {wind_spd} KNOTS"
            }
          },
          "standardGust": {
            "template": {
              "text": "{wind_dir}/{wind_spd}G{wind_gust}KT",
              "voice": "SURFACE WIND {wind_dir} DEGREES {wind_spd} GUSTING {wind_gust} KNOTS"
            }
          },
          "variable": {
            "template": {
              "text": "VRB{wind_spd}KT",
              "voice": "SURFACE WIND VARIABLE {wind_spd} KNOTS"
            }
          },
          "variableGust": {
            "template": {
              "text": "VRB{wind_spd}G{wind_gust}KT",
              "voice": "SURFACE WIND VARIABLE {wind_spd} GUSTING {wind_gust} KNOTS"
            }
          },
          "variableDirection": {
            "template": {
              "text": "{wind_vmin}V{wind_vmax}",
              "voice": "WIND VARIABLE BETWEEN {wind_vmin} AND {wind_vmax} DEGREES"
            }
          },
          "calm": {
            "calmWindSpeed": 3,
            "template": {
              "text": "{wind}",
              "voice": "SURFACE WIND CALM"
            }
          }
        },
        "visibility": {
          "north": "to the north",
          "northEast": "to the north-east",
          "east": "to the east",
          "southEast": "to the south-east",
          "south": "to the south",
          "southWest": "to the south-west",
          "west": "to the west",
          "northWest": "to the north-west",
          "unlimitedVisibilityVoice": "visibility 10 kilometers or more",
          "unlimitedVisibilityText": "VIS 10KM",
          "includeVisibilitySuffix": true,
          "metersCutoff": 9000,
          "template": {
            "text": "{visibility}",
            "voice": "VISIBILITY {visibility}"
          }
        },
        "presentWeather": {
          "lightIntensity": "light",
          "moderateIntensity": "",
          "heavyIntensity": "heavy",
          "vicinity": "in vicinity",
          "weatherTypes": {
            "DZ": "drizzle",
            "RA": "rain",
            "SN": "snow",
            "SG": "snow grains",
            "IC": "ice crystals",
            "PL": "ice pellets",
            "GR": "hail",
            "GS": "small hail",
            "UP": "unknown precipitation",
            "BR": "mist",
            "FG": "fog",
            "FU": "smoke",
            "VA": "volcanic ash",
            "DU": "widespread dust",
            "SA": "sand",
            "HZ": "haze",
            "PY": "spray",
            "PO": "well developed dust, sand whirls",
            "SQ": "squalls",
            "FC": "funnel cloud tornado waterspout",
            "SS": "sandstorm",
            "DS": "dust storm"
          },
          "weatherDescriptors": {
            "PR": "partial",
            "BC": "patches",
            "MI": "shallow",
            "DR": "low drifting",
            "BL": "blowing",
            "SH": "showers",
            "TS": "thunderstorm",
            "FZ": "freezing"
          },
          "template": {
            "text": "{weather}",
            "voice": "{weather}"
          }
        },
        "clouds": {
          "identifyCeilingLayer": false,
          "convertToMetric": false,
          "undeterminedLayerAltitude": {
            "text": "undetermined",
            "voice": "undetermined"
          },
          "types": {
            "FEW": {
              "$type": "Vatsim.Vatis.Profiles.AtisFormat.Nodes.CloudType, vATIS",
              "text": "FEW{altitude}",
              "voice": "Clouds few at {altitude} feet"
            },
            "SCT": {
              "$type": "Vatsim.Vatis.Profiles.AtisFormat.Nodes.CloudType, vATIS",
              "text": "SCT{altitude}{convective}",
              "voice": "Clouds scattered {convective} at {altitude} feet"
            },
            "BKN": {
              "$type": "Vatsim.Vatis.Profiles.AtisFormat.Nodes.CloudType, vATIS",
              "text": "BKN{altitude}{convective}",
              "voice": "Clouds broken {convective} at {altitude} feet"
            },
            "OVC": {
              "$type": "Vatsim.Vatis.Profiles.AtisFormat.Nodes.CloudType, vATIS",
              "text": "OVC{altitude}{convective}",
              "voice": "Clouds overcast {convective} at {altitude} feet"
            },
            "VV": {
              "$type": "Vatsim.Vatis.Profiles.AtisFormat.Nodes.CloudType, vATIS",
              "text": "VV{altitude}",
              "voice": "indefinite ceiling {altitude}"
            },
            "NSC": {
              "$type": "Vatsim.Vatis.Profiles.AtisFormat.Nodes.CloudType, vATIS",
              "text": "NSC",
              "voice": "no significant clouds"
            },
            "NCD": {
              "$type": "Vatsim.Vatis.Profiles.AtisFormat.Nodes.CloudType, vATIS",
              "text": "NCD",
              "voice": "no clouds detected"
            },
            "CLR": {
              "$type": "Vatsim.Vatis.Profiles.AtisFormat.Nodes.CloudType, vATIS",
              "text": "CLR",
              "voice": "sky clear"
            },
            "SKC": {
              "$type": "Vatsim.Vatis.Profiles.AtisFormat.Nodes.CloudType, vATIS",
              "text": "SKC",
              "voice": "sky clear"
            }
          },
          "convectiveTypes": {
            "CB": "cumulonimbus",
            "TCU": "towering cumulus"
          },
          "template": {
            "text": "{clouds}",
            "voice": "{clouds}"
          }
        },
        "temperature": {
          "usePlusPrefix": false,
          "pronounceLeadingZero": false,
          "template": {
            "text": "{temp}",
            "voice": "TEMPERATURE {temp}"
          }
        },
        "dewpoint": {
          "usePlusPrefix": false,
          "pronounceLeadingZero": false,
          "template": {
            "text": "{dewpoint}",
            "voice": "DEWPOINT {dewpoint}"
          }
        },
        "altimeter": {
          "pronounceDecimal": false,
          "template": {
            "text": "QNH {altimeter}",
            "voice": "QNH {altimeter}"
          }
        },
        "transitionLevel": {
          "values": [
            {
              "Low": 940,
              "High": 958,
              "Altitude": 80
            },
            {
              "Low": 959,
              "High": 976,
              "Altitude": 75
            },
            {
              "Low": 977,
              "High": 994,
              "Altitude": 70
            },
            {
              "Low": 995,
              "High": 1012,
              "Altitude": 65
            },
            {
              "Low": 1013,
              "High": 1031,
              "Altitude": 60
            },
            {
              "Low": 1032,
              "High": 1049,
              "Altitude": 55
            }
          ],
          "template": {
            "text": "TRANSITION LEVEL {trl}",
            "voice": "TRANSITION LEVEL. FLIGHT LEVEL {trl}."
          }
        },
        "closingStatement": {
          "autoIncludeClosingStatement": false,
          "template": {
            "text": "...ADVS YOU HAVE INFO {letter}",
            "voice": "ADVISE ON INITIAL CONTACT, YOU HAVE INFORMATION {letter|word}"
          }
        }
      },
      "NotamsBeforeFreeText": false
    },
    {
      "Name": "Guernsey",
      "Identifier": "EGJB",
      "AtisType": 0,
      "codeRange": {
        "low": "A",
        "high": "Z"
      },
      "AtisFrequency": 18900,
      "AtisVoice": {
        "UseTextToSpeech": true,
        "Voice": "UK Male"
      },
      "idsEndpoint": "",
      "useNotamPrefix": false,
      "useDecimalTerminology": true,
      "airportConditionsBeforeFreeText": false,
      "notamsBeforeFreeText": false,
      "Presets": [
        {
          "Name": "RUNWAY 27 (LON_W_CTR)",
          "AirportConditions": "DEPARTING AIRCRAFT MAKE INITIAL CONTACT WITH LONDON CONTROL ON 126.080",
          "ArbitraryText": null,
          "Template": "GUERNSEY INFORMATION [ATIS_CODE] AT TIME [OBS_TIME]. RUNWAY 27 IN USE. [TL]. [NOTAMS]. [ARPT_COND]. [WIND]. [VIS]. [RVR]. [PRESENT_WX]. [CLOUDS]. [TEMP]. [DEW]. [PRESSURE]. ACKNOWLEDGE RECEIPT OF INFORMATION [ATIS_CODE] AND ADVISE AIRCRAFT TYPE ON FIRST CONTACT."
        },
        {
          "Name": "RUNWAY 09 (LON_W_CTR)",
          "AirportConditions": "DEPARTING AIRCRAFT MAKE INITIAL CONTACT WITH LONDON CONTROL ON 126.080",
          "ArbitraryText": null,
          "Template": "GUERNSEY INFORMATION [ATIS_CODE] AT TIME [OBS_TIME]. RUNWAY 09 IN USE. [TL]. [NOTAMS]. [ARPT_COND]. [WIND]. [VIS]. [RVR]. [PRESENT_WX]. [CLOUDS]. [TEMP]. [DEW]. [PRESSURE]. ACKNOWLEDGE RECEIPT OF INFORMATION [ATIS_CODE] AND ADVISE AIRCRAFT TYPE ON FIRST CONTACT."
        },
        {
          "Name": "RUNWAY 27 (LON_WX_CTR)",
          "AirportConditions": "DEPARTING AIRCRAFT MAKE INITIAL CONTACT WITH LONDON CONTROL ON 128.825",
          "ArbitraryText": null,
          "Template": "GUERNSEY INFORMATION [ATIS_CODE] AT TIME [OBS_TIME]. RUNWAY 27 IN USE. [TL]. [NOTAMS]. [ARPT_COND]. [WIND]. [VIS]. [RVR]. [PRESENT_WX]. [CLOUDS]. [TEMP]. [DEW]. [PRESSURE]. ACKNOWLEDGE RECEIPT OF INFORMATION [ATIS_CODE] AND ADVISE AIRCRAFT TYPE ON FIRST CONTACT."
        },
        {
          "Name": "RUNWAY 09 (LON_WX_CTR)",
          "AirportConditions": "DEPARTING AIRCRAFT MAKE INITIAL CONTACT WITH LONDON CONTROL ON 128.825",
          "ArbitraryText": null,
          "Template": "GUERNSEY INFORMATION [ATIS_CODE] AT TIME [OBS_TIME]. RUNWAY 09 IN USE. [TL]. [NOTAMS]. [ARPT_COND]. [WIND]. [VIS]. [RVR]. [PRESENT_WX]. [CLOUDS]. [TEMP]. [DEW]. [PRESSURE]. ACKNOWLEDGE RECEIPT OF INFORMATION [ATIS_CODE] AND ADVISE AIRCRAFT TYPE ON FIRST CONTACT."
        }

      ],
      "Contractions": [
        {
          "String": "HPA",
          "Spoken": "HECTO-PASKALS"
        },
        {
          "String": "RNAV",
          "Spoken": "ARE-NAV"
        },
        {
          "String": "CAVOK",
          "Spoken": "CAV-OH-KAY"
        },
        {
          "String": "RNP",
          "Spoken": "ARE-ENN-PEE"
        },
        {
          "String": "WIP",
          "Spoken": "WORK-IN-PROGRESS"
        },
        {
          "String": "ILS",
          "Spoken": "EYE-ELL-ESS"
        },
        {
          "String": "ATC",
          "Spoken": "AY-TEE-SEE"
        },
        {
          "String": "DATALINK",
          "Spoken": "DATA-LINK"
        },
        {
          "string": "CPT",
          "spoken": "COMPTON"
        },
        {
          "string": "SRO",
          "spoken": "SINGLE RUNWAY OPERATIONS"
        },
        {
          "string": "26L/08R",
          "spoken": "TWO SIX LEFT ZERO EIGHT RIGHT"
        }

      ],
      "AirportConditionDefinitions": [],
      "AirportConditionsBeforeFreeText": false,
      "NotamDefinitions": [
        {
          "Ordinal": 1,
          "Text": ".ATC LOW VISIBILITY PROCEDURES IN FORCE.",
          "Enabled": false
        },
        {
          "Ordinal": 2,
          "Text": ".DATALINK CLEARANCES ARE AVAILABLE.",
          "Enabled": true
        },
        {
          "ordinal": 3,
          "text": ".WINDSHEAR REPORTED ON DEPARTURE.",
          "enabled": false
        }
      ],
      "atisFormat": {
        "observationTime": {
          "template": {
            "text": "{time}Z",
            "voice": "{time} ZULU {special}"
          }
        },
        "surfaceWind": {
          "speakLeadingZero": false,
          "magneticVariation": {
            "enabled": false,
            "magneticDegrees": 0
          },
          "standard": {
            "template": {
              "text": "{wind_dir}/{wind_spd}KT",
              "voice": "SURFACE WIND {wind_dir} DEGREES {wind_spd} KNOTS"
            }
          },
          "standardGust": {
            "template": {
              "text": "{wind_dir}/{wind_spd}G{wind_gust}KT",
              "voice": "SURFACE WIND {wind_dir} DEGREES {wind_spd} GUSTING {wind_gust} KNOTS"
            }
          },
          "variable": {
            "template": {
              "text": "VRB{wind_spd}KT",
              "voice": "SURFACE WIND VARIABLE {wind_spd} KNOTS"
            }
          },
          "variableGust": {
            "template": {
              "text": "VRB{wind_spd}G{wind_gust}KT",
              "voice": "SURFACE WIND VARIABLE {wind_spd} GUSTING {wind_gust} KNOTS"
            }
          },
          "variableDirection": {
            "template": {
              "text": "{wind_vmin}V{wind_vmax}",
              "voice": "WIND VARIABLE BETWEEN {wind_vmin} AND {wind_vmax} DEGREES"
            }
          },
          "calm": {
            "calmWindSpeed": 3,
            "template": {
              "text": "{wind}",
              "voice": "SURFACE WIND CALM"
            }
          }
        },
        "visibility": {
          "north": "to the north",
          "northEast": "to the north-east",
          "east": "to the east",
          "southEast": "to the south-east",
          "south": "to the south",
          "southWest": "to the south-west",
          "west": "to the west",
          "northWest": "to the north-west",
          "unlimitedVisibilityVoice": "visibility 10 kilometers or more",
          "unlimitedVisibilityText": "VIS 10KM",
          "includeVisibilitySuffix": true,
          "metersCutoff": 9000,
          "template": {
            "text": "{visibility}",
            "voice": "VISIBILITY {visibility}"
          }
        },
        "presentWeather": {
          "lightIntensity": "light",
          "moderateIntensity": "",
          "heavyIntensity": "heavy",
          "vicinity": "in vicinity",
          "weatherTypes": {
            "DZ": "drizzle",
            "RA": "rain",
            "SN": "snow",
            "SG": "snow grains",
            "IC": "ice crystals",
            "PL": "ice pellets",
            "GR": "hail",
            "GS": "small hail",
            "UP": "unknown precipitation",
            "BR": "mist",
            "FG": "fog",
            "FU": "smoke",
            "VA": "volcanic ash",
            "DU": "widespread dust",
            "SA": "sand",
            "HZ": "haze",
            "PY": "spray",
            "PO": "well developed dust, sand whirls",
            "SQ": "squalls",
            "FC": "funnel cloud tornado waterspout",
            "SS": "sandstorm",
            "DS": "dust storm"
          },
          "weatherDescriptors": {
            "PR": "partial",
            "BC": "patches",
            "MI": "shallow",
            "DR": "low drifting",
            "BL": "blowing",
            "SH": "showers",
            "TS": "thunderstorm",
            "FZ": "freezing"
          },
          "template": {
            "text": "{weather}",
            "voice": "{weather}"
          }
        },
        "clouds": {
          "identifyCeilingLayer": false,
          "convertToMetric": false,
          "undeterminedLayerAltitude": {
            "text": "undetermined",
            "voice": "undetermined"
          },
          "types": {
            "FEW": {
              "$type": "Vatsim.Vatis.Profiles.AtisFormat.Nodes.CloudType, vATIS",
              "text": "FEW{altitude}",
              "voice": "Clouds few at {altitude} feet"
            },
            "SCT": {
              "$type": "Vatsim.Vatis.Profiles.AtisFormat.Nodes.CloudType, vATIS",
              "text": "SCT{altitude}{convective}",
              "voice": "Clouds scattered {convective} at {altitude} feet"
            },
            "BKN": {
              "$type": "Vatsim.Vatis.Profiles.AtisFormat.Nodes.CloudType, vATIS",
              "text": "BKN{altitude}{convective}",
              "voice": "Clouds broken {convective} at {altitude} feet"
            },
            "OVC": {
              "$type": "Vatsim.Vatis.Profiles.AtisFormat.Nodes.CloudType, vATIS",
              "text": "OVC{altitude}{convective}",
              "voice": "Clouds overcast {convective} at {altitude} feet"
            },
            "VV": {
              "$type": "Vatsim.Vatis.Profiles.AtisFormat.Nodes.CloudType, vATIS",
              "text": "VV{altitude}",
              "voice": "indefinite ceiling {altitude}"
            },
            "NSC": {
              "$type": "Vatsim.Vatis.Profiles.AtisFormat.Nodes.CloudType, vATIS",
              "text": "NSC",
              "voice": "no significant clouds"
            },
            "NCD": {
              "$type": "Vatsim.Vatis.Profiles.AtisFormat.Nodes.CloudType, vATIS",
              "text": "NCD",
              "voice": "no clouds detected"
            },
            "CLR": {
              "$type": "Vatsim.Vatis.Profiles.AtisFormat.Nodes.CloudType, vATIS",
              "text": "CLR",
              "voice": "sky clear"
            },
            "SKC": {
              "$type": "Vatsim.Vatis.Profiles.AtisFormat.Nodes.CloudType, vATIS",
              "text": "SKC",
              "voice": "sky clear"
            }
          },
          "convectiveTypes": {
            "CB": "cumulonimbus",
            "TCU": "towering cumulus"
          },
          "template": {
            "text": "{clouds}",
            "voice": "{clouds}"
          }
        },
        "temperature": {
          "usePlusPrefix": false,
          "pronounceLeadingZero": false,
          "template": {
            "text": "{temp}",
            "voice": "TEMPERATURE {temp}"
          }
        },
        "dewpoint": {
          "usePlusPrefix": false,
          "pronounceLeadingZero": false,
          "template": {
            "text": "{dewpoint}",
            "voice": "DEWPOINT {dewpoint}"
          }
        },
        "altimeter": {
          "pronounceDecimal": false,
          "template": {
            "text": "QNH {altimeter}",
            "voice": "QNH {altimeter}"
          }
        },
        "transitionLevel": {
          "values": [
            {
              "Low": 940,
              "High": 958,
              "Altitude": 80
            },
            {
              "Low": 959,
              "High": 976,
              "Altitude": 75
            },
            {
              "Low": 977,
              "High": 994,
              "Altitude": 70
            },
            {
              "Low": 995,
              "High": 1012,
              "Altitude": 65
            },
            {
              "Low": 1013,
              "High": 1031,
              "Altitude": 60
            },
            {
              "Low": 1032,
              "High": 1049,
              "Altitude": 55
            }
          ],
          "template": {
            "text": "TRANSITION LEVEL {trl}",
            "voice": "TRANSITION LEVEL. FLIGHT LEVEL {trl}."
          }
        },
        "closingStatement": {
          "autoIncludeClosingStatement": false,
          "template": {
            "text": "...ADVS YOU HAVE INFO {letter}",
            "voice": "ADVISE ON INITIAL CONTACT, YOU HAVE INFORMATION {letter|word}"
          }
        }
      },
      "NotamsBeforeFreeText": false
    },
    {
      "Name": "Gloucester",
      "Identifier": "EGBJ",
      "AtisType": 0,
      "codeRange": {
        "low": "A",
        "high": "Z"
      },
      "AtisFrequency": 27475,
      "AtisVoice": {
        "UseTextToSpeech": true,
        "Voice": "UK Male"
      },
      "idsEndpoint": "",
      "useNotamPrefix": false,
      "useDecimalTerminology": true,
      "airportConditionsBeforeFreeText": false,
      "notamsBeforeFreeText": false,
      "Presets": [
        {
          "Name": "RUNWAY 27 (LON_W_CTR)",
          "AirportConditions": "DEPARTING AIRCRAFT MAKE INITIAL CONTACT WITH LONDON CONTROL ON 126.080.",
          "ArbitraryText": null,
          "Template": "THIS IS GLOSTER INFORMATION [ATIS_CODE] TIME [OBS_TIME]. RUNWAY 27 IN USE. RIGHT HAND CIRCUIT. [WIND]. [VIS]. [RVR]. [PRESENT_WX]. [CLOUDS]. [TEMP]. [DEW]. [PRESSURE]. [ARPT_COND]. [NOTAMS]. ON FIRST CONTACT READ BACK ALTIMETER SETTING IN USE. ACKNOWLEDGE RECEIPT OF INFORMATION [ATIS_CODE]"
        },
        {
          "Name": "RUNWAY 09 (LON_W_CTR)",
          "AirportConditions": "ARRIVING AIRCRAFT EXPECT AN RNP APPROACH TO RUNWAY 09. DEPARTING AIRCRAFT MAKE INITIAL CONTACT WITH LONDON CONTROL ON 126.080.",
          "ArbitraryText": null,
          "Template": "THIS IS GLOSTER INFORMATION [ATIS_CODE] TIME [OBS_TIME]. RUNWAY 09 IN USE. LEFT HAND CIRCUIT. [WIND]. [VIS]. [RVR]. [PRESENT_WX]. [CLOUDS]. [TEMP]. [DEW]. [PRESSURE]. [ARPT_COND]. [NOTAMS]. ON FIRST CONTACT READ BACK ALTIMETER SETTING IN USE. ACKNOWLEDGE RECEIPT OF INFORMATION [ATIS_CODE]"
        },
        {
          "Name": "RUNWAY 22 (LON_W_CTR)",
          "AirportConditions": "ARRIVING AIRCRAFT EXPECT AN NDB OR VISUAL APPROACH TO RUNWAY 22. DEPARTING AIRCRAFT MAKE INITIAL CONTACT WITH LONDON CONTROL ON 126.080.",
          "ArbitraryText": null,
          "Template": "THIS IS GLOSTER INFORMATION [ATIS_CODE] TIME [OBS_TIME]. RUNWAY 22 IN USE. RIGHT HAND CIRCUIT. NOISE ABATEMENT PROCEDURES APPLY. [WIND]. [VIS]. [RVR]. [PRESENT_WX]. [CLOUDS]. [TEMP]. [DEW]. [PRESSURE]. [ARPT_COND]. [NOTAMS]. ON FIRST CONTACT READ BACK ALTIMETER SETTING IN USE. ACKNOWLEDGE RECEIPT OF INFORMATION [ATIS_CODE]"
        },
        {
          "Name": "RUNWAY 04 (LON_W_CTR)",
          "AirportConditions": "ARRIVING AIRCRAFT EXPECT AN NDB OR VISUAL APPROACH TO RUNWAY 04. DEPARTING AIRCRAFT MAKE INITIAL CONTACT WITH LONDON CONTROL ON 126.080.",
          "ArbitraryText": null,
          "Template": "THIS IS GLOSTER INFORMATION [ATIS_CODE] TIME [OBS_TIME]. RUNWAY 04 IN USE. LEFT HAND CIRCUIT. [WIND]. [VIS]. [RVR]. [PRESENT_WX]. [CLOUDS]. [TEMP]. [DEW]. [PRESSURE]. [ARPT_COND]. [NOTAMS]. ON FIRST CONTACT READ BACK ALTIMETER SETTING IN USE. ACKNOWLEDGE RECEIPT OF INFORMATION [ATIS_CODE]"
        },
        {
          "Name": "RUNWAY 27 (LON_WP_CTR)",
          "AirportConditions": "DEPARTING AIRCRAFT MAKE INITIAL CONTACT WITH LONDON CONTROL ON 133.225.",
          "ArbitraryText": null,
          "Template": "THIS IS GLOSTER INFORMATION [ATIS_CODE] TIME [OBS_TIME]. RUNWAY 27 IN USE. RIGHT HAND CIRCUIT. [WIND]. [VIS]. [RVR]. [PRESENT_WX]. [CLOUDS]. [TEMP]. [DEW]. [PRESSURE]. [ARPT_COND]. [NOTAMS]. ON FIRST CONTACT READ BACK ALTIMETER SETTING IN USE. ACKNOWLEDGE RECEIPT OF INFORMATION [ATIS_CODE]"
        },
        {
          "Name": "RUNWAY 09 (LON_WP_CTR)",
          "AirportConditions": "ARRIVING AIRCRAFT EXPECT AN RNP APPROACH TO RUNWAY 09. DEPARTING AIRCRAFT MAKE INITIAL CONTACT WITH LONDON CONTROL ON 133.225.",
          "ArbitraryText": null,
          "Template": "THIS IS GLOSTER INFORMATION [ATIS_CODE] TIME [OBS_TIME]. RUNWAY 09 IN USE. LEFT HAND CIRCUIT. [WIND]. [VIS]. [RVR]. [PRESENT_WX]. [CLOUDS]. [TEMP]. [DEW]. [PRESSURE]. [ARPT_COND]. [NOTAMS]. ON FIRST CONTACT READ BACK ALTIMETER SETTING IN USE. ACKNOWLEDGE RECEIPT OF INFORMATION [ATIS_CODE]"
        },
        {
          "Name": "RUNWAY 22 (LON_WP_CTR)",
          "AirportConditions": "ARRIVING AIRCRAFT EXPECT AN NDB OR VISUAL APPROACH TO RUNWAY 22. DEPARTING AIRCRAFT MAKE INITIAL CONTACT WITH LONDON CONTROL ON 133.225.",
          "ArbitraryText": null,
          "Template": "THIS IS GLOSTER INFORMATION [ATIS_CODE] TIME [OBS_TIME]. RUNWAY 22 IN USE. RIGHT HAND CIRCUIT. NOISE ABATEMENT PROCEDURES APPLY. [WIND]. [VIS]. [RVR]. [PRESENT_WX]. [CLOUDS]. [TEMP]. [DEW]. [PRESSURE]. [ARPT_COND]. [NOTAMS]. ON FIRST CONTACT READ BACK ALTIMETER SETTING IN USE. ACKNOWLEDGE RECEIPT OF INFORMATION [ATIS_CODE]"
        },
        {
          "Name": "RUNWAY 04 (LON_WP_CTR)",
          "AirportConditions": "ARRIVING AIRCRAFT EXPECT AN NDB OR VISUAL APPROACH TO RUNWAY 04. DEPARTING AIRCRAFT MAKE INITIAL CONTACT WITH LONDON CONTROL ON 133.225.",
          "ArbitraryText": null,
          "Template": "THIS IS GLOSTER INFORMATION [ATIS_CODE] TIME [OBS_TIME]. RUNWAY 04 IN USE. LEFT HAND CIRCUIT. [WIND]. [VIS]. [RVR]. [PRESENT_WX]. [CLOUDS]. [TEMP]. [DEW]. [PRESSURE]. [ARPT_COND]. [NOTAMS]. ON FIRST CONTACT READ BACK ALTIMETER SETTING IN USE. ACKNOWLEDGE RECEIPT OF INFORMATION [ATIS_CODE]"
        },
        {
          "Name": "RUNWAY 27 (LON_WB_CTR)",
          "AirportConditions": "DEPARTING AIRCRAFT MAKE INITIAL CONTACT WITH LONDON CONTROL ON 133.6.",
          "ArbitraryText": null,
          "Template": "THIS IS GLOSTER INFORMATION [ATIS_CODE] TIME [OBS_TIME]. RUNWAY 27 IN USE. RIGHT HAND CIRCUIT. [WIND]. [VIS]. [RVR]. [PRESENT_WX]. [CLOUDS]. [TEMP]. [DEW]. [PRESSURE]. [ARPT_COND]. [NOTAMS]. ON FIRST CONTACT READ BACK ALTIMETER SETTING IN USE. ACKNOWLEDGE RECEIPT OF INFORMATION [ATIS_CODE]"
        },
        {
          "Name": "RUNWAY 09 (LON_WB_CTR)",
          "AirportConditions": "ARRIVING AIRCRAFT EXPECT AN RNP APPROACH TO RUNWAY 09. DEPARTING AIRCRAFT MAKE INITIAL CONTACT WITH LONDON CONTROL ON 133.6.",
          "ArbitraryText": null,
          "Template": "THIS IS GLOSTER INFORMATION [ATIS_CODE] TIME [OBS_TIME]. RUNWAY 09 IN USE. LEFT HAND CIRCUIT. [WIND]. [VIS]. [RVR]. [PRESENT_WX]. [CLOUDS]. [TEMP]. [DEW]. [PRESSURE]. [ARPT_COND]. [NOTAMS]. ON FIRST CONTACT READ BACK ALTIMETER SETTING IN USE. ACKNOWLEDGE RECEIPT OF INFORMATION [ATIS_CODE]"
        },
        {
          "Name": "RUNWAY 22 (LON_WB_CTR)",
          "AirportConditions": "ARRIVING AIRCRAFT EXPECT AN NDB OR VISUAL APPROACH TO RUNWAY 22. DEPARTING AIRCRAFT MAKE INITIAL CONTACT WITH LONDON CONTROL ON 133.6.",
          "ArbitraryText": null,
          "Template": "THIS IS GLOSTER INFORMATION [ATIS_CODE] TIME [OBS_TIME]. RUNWAY 22 IN USE. RIGHT HAND CIRCUIT. NOISE ABATEMENT PROCEDURES APPLY. [WIND]. [VIS]. [RVR]. [PRESENT_WX]. [CLOUDS]. [TEMP]. [DEW]. [PRESSURE]. [ARPT_COND]. [NOTAMS]. ON FIRST CONTACT READ BACK ALTIMETER SETTING IN USE. ACKNOWLEDGE RECEIPT OF INFORMATION [ATIS_CODE]"
        },
        {
          "Name": "RUNWAY 04 (LON_WB_CTR)",
          "AirportConditions": "ARRIVING AIRCRAFT EXPECT AN NDB OR VISUAL APPROACH TO RUNWAY 04. DEPARTING AIRCRAFT MAKE INITIAL CONTACT WITH LONDON CONTROL ON 133.6.",
          "ArbitraryText": null,
          "Template": "THIS IS GLOSTER INFORMATION [ATIS_CODE] TIME [OBS_TIME]. RUNWAY 04 IN USE. LEFT HAND CIRCUIT. [WIND]. [VIS]. [RVR]. [PRESENT_WX]. [CLOUDS]. [TEMP]. [DEW]. [PRESSURE]. [ARPT_COND]. [NOTAMS]. ON FIRST CONTACT READ BACK ALTIMETER SETTING IN USE. ACKNOWLEDGE RECEIPT OF INFORMATION [ATIS_CODE]"
        },
        {
          "Name": "RUNWAY 27 (LON_WR_CTR)",
          "AirportConditions": "DEPARTING AIRCRAFT MAKE INITIAL CONTACT WITH LONDON CONTROL ON 134.75.",
          "ArbitraryText": null,
          "Template": "THIS IS GLOSTER INFORMATION [ATIS_CODE] TIME [OBS_TIME]. RUNWAY 27 IN USE. RIGHT HAND CIRCUIT. [WIND]. [VIS]. [RVR]. [PRESENT_WX]. [CLOUDS]. [TEMP]. [DEW]. [PRESSURE]. [ARPT_COND]. [NOTAMS]. ON FIRST CONTACT READ BACK ALTIMETER SETTING IN USE. ACKNOWLEDGE RECEIPT OF INFORMATION [ATIS_CODE]"
        },
        {
          "Name": "RUNWAY 09 (LON_WR_CTR)",
          "AirportConditions": "ARRIVING AIRCRAFT EXPECT AN RNP APPROACH TO RUNWAY 09. DEPARTING AIRCRAFT MAKE INITIAL CONTACT WITH LONDON CONTROL ON 134.75.",
          "ArbitraryText": null,
          "Template": "THIS IS GLOSTER INFORMATION [ATIS_CODE] TIME [OBS_TIME]. RUNWAY 09 IN USE. LEFT HAND CIRCUIT. [WIND]. [VIS]. [RVR]. [PRESENT_WX]. [CLOUDS]. [TEMP]. [DEW]. [PRESSURE]. [ARPT_COND]. [NOTAMS]. ON FIRST CONTACT READ BACK ALTIMETER SETTING IN USE. ACKNOWLEDGE RECEIPT OF INFORMATION [ATIS_CODE]"
        },
        {
          "Name": "RUNWAY 22 (LON_WR_CTR)",
          "AirportConditions": "ARRIVING AIRCRAFT EXPECT AN NDB OR VISUAL APPROACH TO RUNWAY 22. DEPARTING AIRCRAFT MAKE INITIAL CONTACT WITH LONDON CONTROL ON 134.75.",
          "ArbitraryText": null,
          "Template": "THIS IS GLOSTER INFORMATION [ATIS_CODE] TIME [OBS_TIME]. RUNWAY 22 IN USE. RIGHT HAND CIRCUIT. NOISE ABATEMENT PROCEDURES APPLY. [WIND]. [VIS]. [RVR]. [PRESENT_WX]. [CLOUDS]. [TEMP]. [DEW]. [PRESSURE]. [ARPT_COND]. [NOTAMS]. ON FIRST CONTACT READ BACK ALTIMETER SETTING IN USE. ACKNOWLEDGE RECEIPT OF INFORMATION [ATIS_CODE]"
        },
        {
          "Name": "RUNWAY 04 (LON_WR_CTR)",
          "AirportConditions": "ARRIVING AIRCRAFT EXPECT AN NDB OR VISUAL APPROACH TO RUNWAY 04. DEPARTING AIRCRAFT MAKE INITIAL CONTACT WITH LONDON CONTROL ON 134.75.",
          "ArbitraryText": null,
          "Template": "THIS IS GLOSTER INFORMATION [ATIS_CODE] TIME [OBS_TIME]. RUNWAY 04 IN USE. LEFT HAND CIRCUIT. [WIND]. [VIS]. [RVR]. [PRESENT_WX]. [CLOUDS]. [TEMP]. [DEW]. [PRESSURE]. [ARPT_COND]. [NOTAMS]. ON FIRST CONTACT READ BACK ALTIMETER SETTING IN USE. ACKNOWLEDGE RECEIPT OF INFORMATION [ATIS_CODE]"
        }

      ],
      "Contractions": [
        {
          "String": "HPA",
          "Spoken": "HECTO-PASKALS"
        },
        {
          "String": "RNAV",
          "Spoken": "ARE-NAV"
        },
        {
          "String": "CAVOK",
          "Spoken": "CAV-OH-KAY"
        },
        {
          "String": "RNP",
          "Spoken": "ARE-ENN-PEE"
        },
        {
          "String": "WIP",
          "Spoken": "WORK-IN-PROGRESS"
        },
        {
          "String": "ILS",
          "Spoken": "EYE-ELL-ESS"
        },
        {
          "String": "ATC",
          "Spoken": "AY-TEE-SEE"
        },
        {
          "String": "DATALINK",
          "Spoken": "DATA-LINK"
        },
        {
          "string": "CPT",
          "spoken": "COMPTON"
        },
        {
          "string": "SRO",
          "spoken": "SINGLE RUNWAY OPERATIONS"
        },
        {
          "string": "26L/08R",
          "spoken": "TWO SIX LEFT ZERO EIGHT RIGHT"
        }

      ],
      "AirportConditionDefinitions": [],
      "AirportConditionsBeforeFreeText": false,
      "NotamDefinitions": [
        {
          "Ordinal": 1,
          "Text": ".ATC LOW VISIBILITY PROCEDURES IN FORCE.",
          "Enabled": false
        },
        {
          "Ordinal": 2,
          "Text": ".DATALINK CLEARANCES ARE AVAILABLE.",
          "Enabled": false
        },
        {
          "ordinal": 3,
          "text": ".WINDSHEAR REPORTED ON DEPARTURE.",
          "enabled": false
        }
      ],
      "atisFormat": {
        "observationTime": {
          "template": {
            "text": "{time}Z",
            "voice": "{time} ZULU {special}"
          }
        },
        "surfaceWind": {
          "speakLeadingZero": false,
          "magneticVariation": {
            "enabled": false,
            "magneticDegrees": 0
          },
          "standard": {
            "template": {
              "text": "{wind_dir}/{wind_spd}KT",
              "voice": "SURFACE WIND {wind_dir} DEGREES {wind_spd} KNOTS"
            }
          },
          "standardGust": {
            "template": {
              "text": "{wind_dir}/{wind_spd}G{wind_gust}KT",
              "voice": "SURFACE WIND {wind_dir} DEGREES {wind_spd} GUSTING {wind_gust} KNOTS"
            }
          },
          "variable": {
            "template": {
              "text": "VRB{wind_spd}KT",
              "voice": "SURFACE WIND VARIABLE {wind_spd} KNOTS"
            }
          },
          "variableGust": {
            "template": {
              "text": "VRB{wind_spd}G{wind_gust}KT",
              "voice": "SURFACE WIND VARIABLE {wind_spd} GUSTING {wind_gust} KNOTS"
            }
          },
          "variableDirection": {
            "template": {
              "text": "{wind_vmin}V{wind_vmax}",
              "voice": "WIND VARIABLE BETWEEN {wind_vmin} AND {wind_vmax} DEGREES"
            }
          },
          "calm": {
            "calmWindSpeed": 3,
            "template": {
              "text": "{wind}",
              "voice": "SURFACE WIND CALM"
            }
          }
        },
        "visibility": {
          "north": "to the north",
          "northEast": "to the north-east",
          "east": "to the east",
          "southEast": "to the south-east",
          "south": "to the south",
          "southWest": "to the south-west",
          "west": "to the west",
          "northWest": "to the north-west",
          "unlimitedVisibilityVoice": "visibility 10 kilometers or more",
          "unlimitedVisibilityText": "VIS 10KM",
          "includeVisibilitySuffix": true,
          "metersCutoff": 9000,
          "template": {
            "text": "{visibility}",
            "voice": "VISIBILITY {visibility}"
          }
        },
        "presentWeather": {
          "lightIntensity": "light",
          "moderateIntensity": "",
          "heavyIntensity": "heavy",
          "vicinity": "in vicinity",
          "weatherTypes": {
            "DZ": "drizzle",
            "RA": "rain",
            "SN": "snow",
            "SG": "snow grains",
            "IC": "ice crystals",
            "PL": "ice pellets",
            "GR": "hail",
            "GS": "small hail",
            "UP": "unknown precipitation",
            "BR": "mist",
            "FG": "fog",
            "FU": "smoke",
            "VA": "volcanic ash",
            "DU": "widespread dust",
            "SA": "sand",
            "HZ": "haze",
            "PY": "spray",
            "PO": "well developed dust, sand whirls",
            "SQ": "squalls",
            "FC": "funnel cloud tornado waterspout",
            "SS": "sandstorm",
            "DS": "dust storm"
          },
          "weatherDescriptors": {
            "PR": "partial",
            "BC": "patches",
            "MI": "shallow",
            "DR": "low drifting",
            "BL": "blowing",
            "SH": "showers",
            "TS": "thunderstorm",
            "FZ": "freezing"
          },
          "template": {
            "text": "{weather}",
            "voice": "{weather}"
          }
        },
        "clouds": {
          "identifyCeilingLayer": false,
          "convertToMetric": false,
          "undeterminedLayerAltitude": {
            "text": "undetermined",
            "voice": "undetermined"
          },
          "types": {
            "FEW": {
              "$type": "Vatsim.Vatis.Profiles.AtisFormat.Nodes.CloudType, vATIS",
              "text": "FEW{altitude}",
              "voice": "Clouds few at {altitude} feet"
            },
            "SCT": {
              "$type": "Vatsim.Vatis.Profiles.AtisFormat.Nodes.CloudType, vATIS",
              "text": "SCT{altitude}{convective}",
              "voice": "Clouds scattered {convective} at {altitude} feet"
            },
            "BKN": {
              "$type": "Vatsim.Vatis.Profiles.AtisFormat.Nodes.CloudType, vATIS",
              "text": "BKN{altitude}{convective}",
              "voice": "Clouds broken {convective} at {altitude} feet"
            },
            "OVC": {
              "$type": "Vatsim.Vatis.Profiles.AtisFormat.Nodes.CloudType, vATIS",
              "text": "OVC{altitude}{convective}",
              "voice": "Clouds overcast {convective} at {altitude} feet"
            },
            "VV": {
              "$type": "Vatsim.Vatis.Profiles.AtisFormat.Nodes.CloudType, vATIS",
              "text": "VV{altitude}",
              "voice": "indefinite ceiling {altitude}"
            },
            "NSC": {
              "$type": "Vatsim.Vatis.Profiles.AtisFormat.Nodes.CloudType, vATIS",
              "text": "NSC",
              "voice": "no significant clouds"
            },
            "NCD": {
              "$type": "Vatsim.Vatis.Profiles.AtisFormat.Nodes.CloudType, vATIS",
              "text": "NCD",
              "voice": "no clouds detected"
            },
            "CLR": {
              "$type": "Vatsim.Vatis.Profiles.AtisFormat.Nodes.CloudType, vATIS",
              "text": "CLR",
              "voice": "sky clear"
            },
            "SKC": {
              "$type": "Vatsim.Vatis.Profiles.AtisFormat.Nodes.CloudType, vATIS",
              "text": "SKC",
              "voice": "sky clear"
            }
          },
          "convectiveTypes": {
            "CB": "cumulonimbus",
            "TCU": "towering cumulus"
          },
          "template": {
            "text": "{clouds}",
            "voice": "{clouds}"
          }
        },
        "temperature": {
          "usePlusPrefix": false,
          "pronounceLeadingZero": false,
          "template": {
            "text": "{temp}",
            "voice": "TEMPERATURE {temp}"
          }
        },
        "dewpoint": {
          "usePlusPrefix": false,
          "pronounceLeadingZero": false,
          "template": {
            "text": "{dewpoint}",
            "voice": "DEWPOINT {dewpoint}"
          }
        },
        "altimeter": {
          "pronounceDecimal": false,
          "template": {
            "text": "QNH {altimeter}",
            "voice": "QNH {altimeter}"
          }
        },
        "transitionLevel": {
          "values": [
            {
              "Low": 1032,
              "High": 1049,
              "Altitude": 45
            },
            {
              "Low": 1013,
              "High": 1031,
              "Altitude": 40
            },
            {
              "Low": 995,
              "High": 1012,
              "Altitude": 35
            },
            {
              "Low": 977,
              "High": 994,
              "Altitude": 30
            },
            {
              "Low": 959,
              "High": 976,
              "Altitude": 30
            },
            {
              "Low": 940,
              "High": 958,
              "Altitude": 30
            }
          ],
          "template": {
            "text": "TRANSITION LEVEL {trl}",
            "voice": "TRANSITION LEVEL. FLIGHT LEVEL {trl}."
          }
        },
        "closingStatement": {
          "autoIncludeClosingStatement": false,
          "template": {
            "text": "...ADVS YOU HAVE INFO {letter}",
            "voice": "ADVISE ON INITIAL CONTACT, YOU HAVE INFORMATION {letter|word}"
          }
        }
      },
      "NotamsBeforeFreeText": false
    },

    {
      "Name": "Bristol",
      "Identifier": "EGGD",
      "AtisType": 0,
      "codeRange": {
        "low": "A",
        "high": "Z"
      },
      "AtisFrequency": 26025,
      "AtisVoice": {
        "UseTextToSpeech": true,
        "Voice": "UK Male"
      },
      "idsEndpoint": "",
      "useNotamPrefix": false,
      "useDecimalTerminology": true,
      "airportConditionsBeforeFreeText": false,
      "notamsBeforeFreeText": false,
      "Presets": [
        {
          "Name": "RUNWAY 27 (LON_W_CTR)",
          "AirportConditions": "DEPARTING AIRCRAFT MAKE INITIAL CONTACT WITH LONDON CONTROL ON 126.080.",
          "ArbitraryText": null,
          "Template": "THIS IS [FACILITY] INFORMATION [ATIS_CODE] AT TIME [OBS_TIME]. RUNWAY 27 IN USE. [TL]. [NOTAMS]. [ARPT_COND]. [WIND]. [VIS]. [RVR]. [PRESENT_WX]. [CLOUDS]. [TEMP]. [DEW]. [PRESSURE]. ACKNOWLEDGE RECEIPT OF INFORMATION [ATIS_CODE] AND ADVISE AIRCRAFT TYPE ON FIRST CONTACT."
        },
        {
          "Name": "RUNWAY 09 (LON_W_CTR)",
          "AirportConditions": "DEPARTING AIRCRAFT MAKE INITIAL CONTACT WITH LONDON CONTROL ON 126.080.",
          "ArbitraryText": null,
          "Template": "THIS IS [FACILITY] INFORMATION [ATIS_CODE] AT TIME [OBS_TIME]. RUNWAY 09 IN USE. [TL]. [NOTAMS]. [ARPT_COND]. [WIND]. [VIS]. [RVR]. [PRESENT_WX]. [CLOUDS]. [TEMP]. [DEW]. [PRESSURE]. ACKNOWLEDGE RECEIPT OF INFORMATION [ATIS_CODE] AND ADVISE AIRCRAFT TYPE ON FIRST CONTACT."
        },
        {
          "Name": "RUNWAY 27 (LON_WP_CTR)",
          "AirportConditions": "DEPARTING AIRCRAFT MAKE INITIAL CONTACT WITH LONDON CONTROL ON 133.225.",
          "ArbitraryText": null,
          "Template": "THIS IS [FACILITY] INFORMATION [ATIS_CODE] AT TIME [OBS_TIME]. RUNWAY 27 IN USE. [TL]. [NOTAMS]. [ARPT_COND]. [WIND]. [VIS]. [RVR]. [PRESENT_WX]. [CLOUDS]. [TEMP]. [DEW]. [PRESSURE]. ACKNOWLEDGE RECEIPT OF INFORMATION [ATIS_CODE] AND ADVISE AIRCRAFT TYPE ON FIRST CONTACT."
        },
        {
          "Name": "RUNWAY 09 (LON_WP_CTR)",
          "AirportConditions": "DEPARTING AIRCRAFT MAKE INITIAL CONTACT WITH LONDON CONTROL ON 133.225.",
          "ArbitraryText": null,
          "Template": "THIS IS [FACILITY] INFORMATION [ATIS_CODE] AT TIME [OBS_TIME]. RUNWAY 09 IN USE. [TL]. [NOTAMS]. [ARPT_COND]. [WIND]. [VIS]. [RVR]. [PRESENT_WX]. [CLOUDS]. [TEMP]. [DEW]. [PRESSURE]. ACKNOWLEDGE RECEIPT OF INFORMATION [ATIS_CODE] AND ADVISE AIRCRAFT TYPE ON FIRST CONTACT."
        },
        {
          "Name": "RUNWAY 27 (LON_WB_CTR)",
          "AirportConditions": "DEPARTING AIRCRAFT MAKE INITIAL CONTACT WITH LONDON CONTROL ON 133.6.",
          "ArbitraryText": null,
          "Template": "THIS IS [FACILITY] INFORMATION [ATIS_CODE] AT TIME [OBS_TIME]. RUNWAY 27 IN USE. [TL]. [NOTAMS]. [ARPT_COND]. [WIND]. [VIS]. [RVR]. [PRESENT_WX]. [CLOUDS]. [TEMP]. [DEW]. [PRESSURE]. ACKNOWLEDGE RECEIPT OF INFORMATION [ATIS_CODE] AND ADVISE AIRCRAFT TYPE ON FIRST CONTACT."
        },
        {
          "Name": "RUNWAY 09 (LON_WB_CTR)",
          "AirportConditions": "DEPARTING AIRCRAFT MAKE INITIAL CONTACT WITH LONDON CONTROL ON 133.6.",
          "ArbitraryText": null,
          "Template": "THIS IS [FACILITY] INFORMATION [ATIS_CODE] AT TIME [OBS_TIME]. RUNWAY 09 IN USE. [TL]. [NOTAMS]. [ARPT_COND]. [WIND]. [VIS]. [RVR]. [PRESENT_WX]. [CLOUDS]. [TEMP]. [DEW]. [PRESSURE]. ACKNOWLEDGE RECEIPT OF INFORMATION [ATIS_CODE] AND ADVISE AIRCRAFT TYPE ON FIRST CONTACT."
        },
        {
          "Name": "RUNWAY 27 (LON_WR_CTR)",
          "AirportConditions": "DEPARTING AIRCRAFT MAKE INITIAL CONTACT WITH LONDON CONTROL ON 134.75.",
          "ArbitraryText": null,
          "Template": "THIS IS [FACILITY] INFORMATION [ATIS_CODE] AT TIME [OBS_TIME]. RUNWAY 27 IN USE. [TL]. [NOTAMS]. [ARPT_COND]. [WIND]. [VIS]. [RVR]. [PRESENT_WX]. [CLOUDS]. [TEMP]. [DEW]. [PRESSURE]. ACKNOWLEDGE RECEIPT OF INFORMATION [ATIS_CODE] AND ADVISE AIRCRAFT TYPE ON FIRST CONTACT."
        },
        {
          "Name": "RUNWAY 09 (LON_WR_CTR)",
          "AirportConditions": "DEPARTING AIRCRAFT MAKE INITIAL CONTACT WITH LONDON CONTROL ON 134.75.",
          "ArbitraryText": null,
          "Template": "THIS IS [FACILITY] INFORMATION [ATIS_CODE] AT TIME [OBS_TIME]. RUNWAY 09 IN USE. [TL]. [NOTAMS]. [ARPT_COND]. [WIND]. [VIS]. [RVR]. [PRESENT_WX]. [CLOUDS]. [TEMP]. [DEW]. [PRESSURE]. ACKNOWLEDGE RECEIPT OF INFORMATION [ATIS_CODE] AND ADVISE AIRCRAFT TYPE ON FIRST CONTACT."
        }


      ],
      "Contractions": [
        {
          "String": "HPA",
          "Spoken": "HECTO-PASKALS"
        },
        {
          "String": "RNAV",
          "Spoken": "ARE-NAV"
        },
        {
          "String": "CAVOK",
          "Spoken": "CAV-OH-KAY"
        },
        {
          "String": "RNP",
          "Spoken": "ARE-ENN-PEE"
        },
        {
          "String": "WIP",
          "Spoken": "WORK-IN-PROGRESS"
        },
        {
          "String": "ILS",
          "Spoken": "EYE-ELL-ESS"
        },
        {
          "String": "ATC",
          "Spoken": "AY-TEE-SEE"
        },
        {
          "String": "DATALINK",
          "Spoken": "DATA-LINK"
        },
        {
          "string": "CPT",
          "spoken": "COMPTON"
        },
        {
          "string": "SRO",
          "spoken": "SINGLE RUNWAY OPERATIONS"
        },
        {
          "string": "26L/08R",
          "spoken": "TWO SIX LEFT ZERO EIGHT RIGHT"
        }

      ],
      "AirportConditionDefinitions": [],
      "AirportConditionsBeforeFreeText": false,
      "NotamDefinitions": [
        {
          "Ordinal": 1,
          "Text": ".ATC LOW VISIBILITY PROCEDURES IN FORCE.",
          "Enabled": false
        },
        {
          "Ordinal": 2,
          "Text": ".DATALINK CLEARANCES ARE AVAILABLE.",
          "Enabled": true
        },
        {
          "ordinal": 3,
          "text": ".WINDSHEAR REPORTED ON DEPARTURE.",
          "enabled": false
        }
      ],
      "atisFormat": {
        "observationTime": {
          "template": {
            "text": "{time}Z",
            "voice": "{time} ZULU {special}"
          }
        },
        "surfaceWind": {
          "speakLeadingZero": false,
          "magneticVariation": {
            "enabled": false,
            "magneticDegrees": 0
          },
          "standard": {
            "template": {
              "text": "{wind_dir}/{wind_spd}KT",
              "voice": "SURFACE WIND {wind_dir} DEGREES {wind_spd} KNOTS"
            }
          },
          "standardGust": {
            "template": {
              "text": "{wind_dir}/{wind_spd}G{wind_gust}KT",
              "voice": "SURFACE WIND {wind_dir} DEGREES {wind_spd} GUSTING {wind_gust} KNOTS"
            }
          },
          "variable": {
            "template": {
              "text": "VRB{wind_spd}KT",
              "voice": "SURFACE WIND VARIABLE {wind_spd} KNOTS"
            }
          },
          "variableGust": {
            "template": {
              "text": "VRB{wind_spd}G{wind_gust}KT",
              "voice": "SURFACE WIND VARIABLE {wind_spd} GUSTING {wind_gust} KNOTS"
            }
          },
          "variableDirection": {
            "template": {
              "text": "{wind_vmin}V{wind_vmax}",
              "voice": "WIND VARIABLE BETWEEN {wind_vmin} AND {wind_vmax} DEGREES"
            }
          },
          "calm": {
            "calmWindSpeed": 3,
            "template": {
              "text": "{wind}",
              "voice": "SURFACE WIND CALM"
            }
          }
        },
        "visibility": {
          "north": "to the north",
          "northEast": "to the north-east",
          "east": "to the east",
          "southEast": "to the south-east",
          "south": "to the south",
          "southWest": "to the south-west",
          "west": "to the west",
          "northWest": "to the north-west",
          "unlimitedVisibilityVoice": "visibility 10 kilometers or more",
          "unlimitedVisibilityText": "VIS 10KM",
          "includeVisibilitySuffix": true,
          "metersCutoff": 9000,
          "template": {
            "text": "{visibility}",
            "voice": "VISIBILITY {visibility}"
          }
        },
        "presentWeather": {
          "lightIntensity": "light",
          "moderateIntensity": "",
          "heavyIntensity": "heavy",
          "vicinity": "in vicinity",
          "weatherTypes": {
            "DZ": "drizzle",
            "RA": "rain",
            "SN": "snow",
            "SG": "snow grains",
            "IC": "ice crystals",
            "PL": "ice pellets",
            "GR": "hail",
            "GS": "small hail",
            "UP": "unknown precipitation",
            "BR": "mist",
            "FG": "fog",
            "FU": "smoke",
            "VA": "volcanic ash",
            "DU": "widespread dust",
            "SA": "sand",
            "HZ": "haze",
            "PY": "spray",
            "PO": "well developed dust, sand whirls",
            "SQ": "squalls",
            "FC": "funnel cloud tornado waterspout",
            "SS": "sandstorm",
            "DS": "dust storm"
          },
          "weatherDescriptors": {
            "PR": "partial",
            "BC": "patches",
            "MI": "shallow",
            "DR": "low drifting",
            "BL": "blowing",
            "SH": "showers",
            "TS": "thunderstorm",
            "FZ": "freezing"
          },
          "template": {
            "text": "{weather}",
            "voice": "{weather}"
          }
        },
        "clouds": {
          "identifyCeilingLayer": false,
          "convertToMetric": false,
          "undeterminedLayerAltitude": {
            "text": "undetermined",
            "voice": "undetermined"
          },
          "types": {
            "FEW": {
              "$type": "Vatsim.Vatis.Profiles.AtisFormat.Nodes.CloudType, vATIS",
              "text": "FEW{altitude}",
              "voice": "Clouds few at {altitude} feet"
            },
            "SCT": {
              "$type": "Vatsim.Vatis.Profiles.AtisFormat.Nodes.CloudType, vATIS",
              "text": "SCT{altitude}{convective}",
              "voice": "Clouds scattered {convective} at {altitude} feet"
            },
            "BKN": {
              "$type": "Vatsim.Vatis.Profiles.AtisFormat.Nodes.CloudType, vATIS",
              "text": "BKN{altitude}{convective}",
              "voice": "Clouds broken {convective} at {altitude} feet"
            },
            "OVC": {
              "$type": "Vatsim.Vatis.Profiles.AtisFormat.Nodes.CloudType, vATIS",
              "text": "OVC{altitude}{convective}",
              "voice": "Clouds overcast {convective} at {altitude} feet"
            },
            "VV": {
              "$type": "Vatsim.Vatis.Profiles.AtisFormat.Nodes.CloudType, vATIS",
              "text": "VV{altitude}",
              "voice": "indefinite ceiling {altitude}"
            },
            "NSC": {
              "$type": "Vatsim.Vatis.Profiles.AtisFormat.Nodes.CloudType, vATIS",
              "text": "NSC",
              "voice": "no significant clouds"
            },
            "NCD": {
              "$type": "Vatsim.Vatis.Profiles.AtisFormat.Nodes.CloudType, vATIS",
              "text": "NCD",
              "voice": "no clouds detected"
            },
            "CLR": {
              "$type": "Vatsim.Vatis.Profiles.AtisFormat.Nodes.CloudType, vATIS",
              "text": "CLR",
              "voice": "sky clear"
            },
            "SKC": {
              "$type": "Vatsim.Vatis.Profiles.AtisFormat.Nodes.CloudType, vATIS",
              "text": "SKC",
              "voice": "sky clear"
            }
          },
          "convectiveTypes": {
            "CB": "cumulonimbus",
            "TCU": "towering cumulus"
          },
          "template": {
            "text": "{clouds}",
            "voice": "{clouds}"
          }
        },
        "temperature": {
          "usePlusPrefix": false,
          "pronounceLeadingZero": false,
          "template": {
            "text": "{temp}",
            "voice": "TEMPERATURE {temp}"
          }
        },
        "dewpoint": {
          "usePlusPrefix": false,
          "pronounceLeadingZero": false,
          "template": {
            "text": "{dewpoint}",
            "voice": "DEWPOINT {dewpoint}"
          }
        },
        "altimeter": {
          "pronounceDecimal": false,
          "template": {
            "text": "QNH {altimeter}",
            "voice": "QNH {altimeter}"
          }
        },
        "transitionLevel": {
          "values": [
            {
              "Low": 940,
              "High": 958,
              "Altitude": 90
            },
            {
              "Low": 959,
              "High": 976,
              "Altitude": 85
            },
            {
              "Low": 977,
              "High": 994,
              "Altitude": 80
            },
            {
              "Low": 995,
              "High": 1012,
              "Altitude": 75
            },
            {
              "Low": 1013,
              "High": 1031,
              "Altitude": 70
            },
            {
              "Low": 1032,
              "High": 1049,
              "Altitude": 65
            }
          ],
          "template": {
            "text": "TRANSITION LEVEL {trl}",
            "voice": "TRANSITION LEVEL. FLIGHT LEVEL {trl}."
          }
        },
        "closingStatement": {
          "autoIncludeClosingStatement": false,
          "template": {
            "text": "...ADVS YOU HAVE INFO {letter}",
            "voice": "ADVISE ON INITIAL CONTACT, YOU HAVE INFORMATION {letter|word}"
          }
        }
      },
      "NotamsBeforeFreeText": false
    }





  ]
}