{
  "Name": "UK - TC South",
  "Composites": [
    {
      "Name": "Gatwick",
      "Identifier": "EGKK",
      "AtisType": 0,
      "codeRange": {
        "low": "A",
        "high": "Z"
      },
      "AtisFrequency": 36525,
      "AtisVoice": {
        "UseTextToSpeech": true,
        "Voice": "UK Male"
      },
      "idsEndpoint": "",
      "useNotamPrefix": false,
      "useDecimalTerminology": true,
      "airportConditionsBeforeFreeText": false,
      "notamsBeforeFreeText": false,
      "Presets": [
          {
            "Name": "RUNWAY 26L (LTC_S_CTR)",
            "AirportConditions": "DEPARTING AIRCRAFT MAKE INITIAL CONTACT WITH LONDON CONTROL ON 134.125",
            "Notams": "ILS APPROACH TO BE EXPECTED.",
            "ArbitraryText": null,
            "Template": "THIS IS [FACILITY] INFORMATION [ATIS_CODE] AT TIME [OBS_TIME]. AUTOMATIC. RUNWAY 26L IN USE. [TL]. [NOTAMS]. [ARPT_COND]. [WIND]. [VIS]. [RVR]. [PRESENT_WX]. [CLOUDS]. [TEMP]. [DEW]. [PRESSURE]. ACKNOWLEDGE RECEIPT OF INFORMATION [ATIS_CODE] AND ADVISE AIRCRAFT TYPE ON FIRST CONTACT."
          },
          {
            "Name": "RUNWAY 08R (LTC_S_CTR)",
            "AirportConditions": "DEPARTING AIRCRAFT MAKE INITIAL CONTACT WITH LONDON CONTROL ON 134.125",
            "Notams": "ILS APPROACH TO BE EXPECTED.",
            "ArbitraryText": null,
            "Template": "THIS IS [FACILITY] INFORMATION [ATIS_CODE] AT TIME [OBS_TIME]. AUTOMATIC. RUNWAY 08R IN USE. [TL]. [NOTAMS]. [ARPT_COND]. [WIND]. [VIS]. [RVR]. [PRESENT_WX]. [CLOUDS]. [TEMP]. [DEW]. [PRESSURE]. ACKNOWLEDGE RECEIPT OF INFORMATION [ATIS_CODE] AND ADVISE AIRCRAFT TYPE ON FIRST CONTACT."
          },
          {
            "Name": "RUNWAY !26R! (LTC_S_CTR)",
            "AirportConditions": "DEPARTING AIRCRAFT MAKE INITIAL CONTACT WITH LONDON CONTROL ON 134.125",
            "Notams": "RNP APPROACH TO BE EXPECTED. RUNWAY 26L/08R CLOSED DUE WIP.",
            "ArbitraryText": null,
            "Template": "THIS IS [FACILITY] INFORMATION [ATIS_CODE] AT TIME [OBS_TIME]. AUTOMATIC. RUNWAY 26L IN USE. [TL]. [NOTAMS]. [ARPT_COND]. [WIND]. [VIS]. [RVR]. [PRESENT_WX]. [CLOUDS]. [TEMP]. [DEW]. [PRESSURE]. ACKNOWLEDGE RECEIPT OF INFORMATION [ATIS_CODE] AND ADVISE AIRCRAFT TYPE ON FIRST CONTACT."
          },
          {
            "Name": "RUNWAY !08L! (LTC_S_CTR)",
            "AirportConditions": "DEPARTING AIRCRAFT MAKE INITIAL CONTACT WITH LONDON CONTROL ON 134.125",
            "Notams": "RNP APPROACH TO BE EXPECTED. RUNWAY 26L/08R CLOSED DUE WIP.",
            "ArbitraryText": null,
            "Template": "THIS IS [FACILITY] INFORMATION [ATIS_CODE] AT TIME [OBS_TIME]. AUTOMATIC. RUNWAY 08L IN USE. [TL]. [NOTAMS]. [ARPT_COND]. [WIND]. [VIS]. [RVR]. [PRESENT_WX]. [CLOUDS]. [TEMP]. [DEW]. [PRESSURE]. ACKNOWLEDGE RECEIPT OF INFORMATION [ATIS_CODE] AND ADVISE AIRCRAFT TYPE ON FIRST CONTACT."
          },
          {
            "Name": "RUNWAY 26L (LTC_SW_CTR)",
            "AirportConditions": "DEPARTING AIRCRAFT MAKE INITIAL CONTACT WITH LONDON CONTROL ON 133.175",
            "Notams": "ILS APPROACH TO BE EXPECTED.",
            "ArbitraryText": null,
            "Template": "THIS IS [FACILITY] INFORMATION [ATIS_CODE] AT TIME [OBS_TIME]. AUTOMATIC. RUNWAY 26L IN USE. [TL]. [NOTAMS]. [ARPT_COND]. [WIND]. [VIS]. [RVR]. [PRESENT_WX]. [CLOUDS]. [TEMP]. [DEW]. [PRESSURE]. ACKNOWLEDGE RECEIPT OF INFORMATION [ATIS_CODE] AND ADVISE AIRCRAFT TYPE ON FIRST CONTACT."
          },
          {
            "Name": "RUNWAY 08R (LTC_SW_CTR)",
            "AirportConditions": "DEPARTING AIRCRAFT MAKE INITIAL CONTACT WITH LONDON CONTROL ON 133.175",
            "Notams": "ILS APPROACH TO BE EXPECTED.",
            "ArbitraryText": null,
            "Template": "THIS IS [FACILITY] INFORMATION [ATIS_CODE] AT TIME [OBS_TIME]. AUTOMATIC. RUNWAY 08R IN USE. [TL]. [NOTAMS]. [ARPT_COND]. [WIND]. [VIS]. [RVR]. [PRESENT_WX]. [CLOUDS]. [TEMP]. [DEW]. [PRESSURE]. ACKNOWLEDGE RECEIPT OF INFORMATION [ATIS_CODE] AND ADVISE AIRCRAFT TYPE ON FIRST CONTACT."
          },
          {
            "Name": "RUNWAY !26R! (LTC_SW_CTR)",
            "AirportConditions": "DEPARTING AIRCRAFT MAKE INITIAL CONTACT WITH LONDON CONTROL ON 133.175",
            "Notams": "RNP APPROACH TO BE EXPECTED. RUNWAY 26L/08R CLOSED DUE WIP.",
            "ArbitraryText": null,
            "Template": "THIS IS [FACILITY] INFORMATION [ATIS_CODE] AT TIME [OBS_TIME]. AUTOMATIC. RUNWAY 26R IN USE. [TL]. [NOTAMS]. [ARPT_COND]. [WIND]. [VIS]. [RVR]. [PRESENT_WX]. [CLOUDS]. [TEMP]. [DEW]. [PRESSURE]. ACKNOWLEDGE RECEIPT OF INFORMATION [ATIS_CODE] AND ADVISE AIRCRAFT TYPE ON FIRST CONTACT."
          },
          {
            "Name": "RUNWAY !08L! (LTC_SW_CTR)",
            "AirportConditions": "DEPARTING AIRCRAFT MAKE INITIAL CONTACT WITH LONDON CONTROL ON 133.175",
            "Notams": "RNP APPROACH TO BE EXPECTED. RUNWAY 26L/08R CLOSED DUE WIP.",
            "ArbitraryText": null,
            "Template": "THIS IS [FACILITY] INFORMATION [ATIS_CODE] AT TIME [OBS_TIME]. AUTOMATIC. RUNWAY 08L IN USE. [TL]. [NOTAMS]. [ARPT_COND]. [WIND]. [VIS]. [RVR]. [PRESENT_WX]. [CLOUDS]. [TEMP]. [DEW]. [PRESSURE]. ACKNOWLEDGE RECEIPT OF INFORMATION [ATIS_CODE] AND ADVISE AIRCRAFT TYPE ON FIRST CONTACT."
          }
        ],
        "Contractions":
        [
          {
            "String": "HPA",
            "Spoken": "HECTO-PASKALS"
          },
          {
            "String": "RNAV",
            "Spoken": "ARE-NAV"
          },
          {
            "String": "CAVOK",
            "Spoken": "CAV-OH-KAY"
          },
          {
            "String": "RNP",
            "Spoken": "ARE-ENN-PEE"
          },
          {
            "String": "WIP",
            "Spoken": "WORK-IN-PROGRESS"
          },
          {
            "String": "ILS",
            "Spoken": "EYE-ELL-ESS"
          },
          {
            "String": "ATC",
            "Spoken": "AY-TEE-SEE"
          },
          {
            "String": "DATALINK",
            "Spoken": "DATA-LINK"
          },
          {
            "string": "CPT",
            "spoken": "COMPTON"
          },
          {
            "string": "SRO",
            "spoken": "SINGLE RUNWAY OPERATIONS"
          },
          {
            "string": "26L/08R",
            "spoken": "TWO SIX LEFT ZERO EIGHT RIGHT"
          }

        ],
        "AirportConditionDefinitions": [],
        "AirportConditionsBeforeFreeText": false,
        "NotamDefinitions":
        [
          {
            "Ordinal": 1,
            "Text": ".ATC LOW VISIBILITY PROCEDURES IN FORCE.",
            "Enabled": false
          },
          {
            "Ordinal": 2,
            "Text": ".PILOTS TO EXPECT A CHANGE TO RUNWAY 27L FOR LANDING AT 1500 LOCAL TIME.",
            "Enabled": false
          },
          {
            "Ordinal": 3,
            "Text": ".PILOTS TO EXPECT A CHANGE TO RUNWAY 27R FOR LANDING AT 1500 LOCAL TIME.",
            "Enabled": false
          },
          {
            "Ordinal": 4,
            "Text": ".DATALINK CLEARANCES ARE AVAILABLE.",
            "Enabled": true
          },
          {
            "ordinal": 5,
            "text": ".PILOTS SHOULD EXPECT SRO FROM 2330 LOCAL TIME.",
            "enabled": false
          },
          {
            "ordinal": 6,
            "text": ".WINDSHEAR REPORTED ON DEPARTURE.",
            "enabled": false
          }
        ],
        "atisFormat": {
          "observationTime": {
            "template": {
              "text": "{time}Z",
              "voice": "{time} ZULU {special}"
            }
          },
          "surfaceWind": {
            "speakLeadingZero": false,
            "magneticVariation": {
              "enabled": false,
              "magneticDegrees": 0
            },
            "standard": {
              "template": {
                "text": "{wind_dir}/{wind_spd}KT",
                "voice": "SURFACE WIND {wind_dir} DEGREES {wind_spd} KNOTS"
              }
            },
            "standardGust": {
              "template": {
                "text": "{wind_dir}/{wind_spd}G{wind_gust}KT",
                "voice": "SURFACE WIND {wind_dir} DEGREES {wind_spd} GUSTING {wind_gust} KNOTS"
              }
            },
            "variable": {
              "template": {
                "text": "VRB{wind_spd}KT",
                "voice": "SURFACE WIND VARIABLE {wind_spd} KNOTS"
              }
            },
            "variableGust": {
              "template": {
                "text": "VRB{wind_spd}G{wind_gust}KT",
                "voice": "SURFACE WIND VARIABLE {wind_spd} GUSTING {wind_gust} KNOTS"
              }
            },
            "variableDirection": {
              "template": {
                "text": "{wind_vmin}V{wind_vmax}",
                "voice": "WIND VARIABLE BETWEEN {wind_vmin} AND {wind_vmax} DEGREES"
              }
            },
            "calm": {
              "calmWindSpeed": 3,
              "template": {
                "text": "{wind}",
                "voice": "SURFACE WIND CALM"
              }
            }
          },
          "visibility": {
            "north": "to the north",
            "northEast": "to the north-east",
            "east": "to the east",
            "southEast": "to the south-east",
            "south": "to the south",
            "southWest": "to the south-west",
            "west": "to the west",
            "northWest": "to the north-west",
            "unlimitedVisibilityVoice": "visibility 10 kilometers or more",
            "unlimitedVisibilityText": "VIS 10KM",
            "includeVisibilitySuffix": true,
            "metersCutoff": 9000,
            "template": {
              "text": "{visibility}",
              "voice": "VISIBILITY {visibility}"
            }
          },
          "presentWeather": {
            "lightIntensity": "light",
            "moderateIntensity": "",
            "heavyIntensity": "heavy",
            "vicinity": "in vicinity",
            "weatherTypes": {
              "DZ": "drizzle",
              "RA": "rain",
              "SN": "snow",
              "SG": "snow grains",
              "IC": "ice crystals",
              "PL": "ice pellets",
              "GR": "hail",
              "GS": "small hail",
              "UP": "unknown precipitation",
              "BR": "mist",
              "FG": "fog",
              "FU": "smoke",
              "VA": "volcanic ash",
              "DU": "widespread dust",
              "SA": "sand",
              "HZ": "haze",
              "PY": "spray",
              "PO": "well developed dust, sand whirls",
              "SQ": "squalls",
              "FC": "funnel cloud tornado waterspout",
              "SS": "sandstorm",
              "DS": "dust storm"
            },
            "weatherDescriptors": {
              "PR": "partial",
              "BC": "patches",
              "MI": "shallow",
              "DR": "low drifting",
              "BL": "blowing",
              "SH": "showers",
              "TS": "thunderstorm",
              "FZ": "freezing"
            },
            "template": {
              "text": "{weather}",
              "voice": "{weather}"
            }
          },
          "clouds": {
            "identifyCeilingLayer": false,
            "convertToMetric": false,
            "undeterminedLayerAltitude": {
              "text": "undetermined",
              "voice": "undetermined"
            },
            "types": {
              "FEW": {
                "$type": "Vatsim.Vatis.Profiles.AtisFormat.Nodes.CloudType, vATIS",
                "text": "FEW{altitude}",
                "voice": "Clouds few at {altitude} feet"
              },
              "SCT": {
                "$type": "Vatsim.Vatis.Profiles.AtisFormat.Nodes.CloudType, vATIS",
                "text": "SCT{altitude}{convective}",
                "voice": "Clouds scattered {convective} at {altitude} feet"
              },
              "BKN": {
                "$type": "Vatsim.Vatis.Profiles.AtisFormat.Nodes.CloudType, vATIS",
                "text": "BKN{altitude}{convective}",
                "voice": "Clouds broken {convective} at {altitude} feet"
              },
              "OVC": {
                "$type": "Vatsim.Vatis.Profiles.AtisFormat.Nodes.CloudType, vATIS",
                "text": "OVC{altitude}{convective}",
                "voice": "Clouds overcast {convective} at {altitude} feet"
              },
              "VV": {
                "$type": "Vatsim.Vatis.Profiles.AtisFormat.Nodes.CloudType, vATIS",
                "text": "VV{altitude}",
                "voice": "indefinite ceiling {altitude}"
              },
              "NSC": {
                "$type": "Vatsim.Vatis.Profiles.AtisFormat.Nodes.CloudType, vATIS",
                "text": "NSC",
                "voice": "no significant clouds"
              },
              "NCD": {
                "$type": "Vatsim.Vatis.Profiles.AtisFormat.Nodes.CloudType, vATIS",
                "text": "NCD",
                "voice": "no clouds detected"
              },
              "CLR": {
                "$type": "Vatsim.Vatis.Profiles.AtisFormat.Nodes.CloudType, vATIS",
                "text": "CLR",
                "voice": "sky clear"
              },
              "SKC": {
                "$type": "Vatsim.Vatis.Profiles.AtisFormat.Nodes.CloudType, vATIS",
                "text": "SKC",
                "voice": "sky clear"
              }
            },
            "convectiveTypes": {
              "CB": "cumulonimbus",
              "TCU": "towering cumulus"
            },
            "template": {
              "text": "{clouds}",
              "voice": "{clouds}"
            }
          },
          "temperature": {
            "usePlusPrefix": false,
            "pronounceLeadingZero": false,
            "template": {
              "text": "{temp}",
              "voice": "TEMPERATURE {temp}"
            }
          },
          "dewpoint": {
            "usePlusPrefix": false,
            "pronounceLeadingZero": false,
            "template": {
              "text": "{dewpoint}",
              "voice": "DEWPOINT {dewpoint}"
            }
          },
          "altimeter": {
            "pronounceDecimal": false,
            "template": {
              "text": "QNH {altimeter}",
              "voice": "QNH {altimeter}"
            }
          },
          "transitionLevel": {
            "values": [
              {
                "low": 1050,
                "high": 1060,
                "altitude": 60
              },
              {
                "low": 1032,
                "high": 1049,
                "altitude": 65
              },
              {
                "low": 1013,
                "high": 1031,
                "altitude": 70
              },
              {
                "low": 995,
                "high": 1012,
                "altitude": 75
              },
              {
                "low": 977,
                "high": 994,
                "altitude": 80
              },
              {
                "low": 959,
                "high": 976,
                "altitude": 85
              }
            ],
            "template": {
              "text": "TRANSITION LEVEL {trl}",
              "voice": "TRANSITION LEVEL. FLIGHT LEVEL {trl}"
            }
          },
          "closingStatement": {
            "autoIncludeClosingStatement": false,
            "template": {
              "text": "...ADVS YOU HAVE INFO {letter}",
              "voice": "ADVISE ON INITIAL CONTACT, YOU HAVE INFORMATION {letter|word}"
            }
          }
        },
        "NotamsBeforeFreeText":false,
    },
    {

      "Name": "Heathrow",
      "Identifier": "EGLL",
      "AtisType": 0,
      "codeRange": {
        "low": "A",
        "high": "Z"
      },
      "AtisFrequency": 28080,
      "AtisVoice": {
        "UseTextToSpeech": true,
        "Voice": "UK Male"
      },
      "idsEndpoint": "",
      "useNotamPrefix": false,
      "useDecimalTerminology": true,
      "airportConditionsBeforeFreeText": false,
      "notamsBeforeFreeText": false,
      "Presets": [
        {
          "Name": "LANDING 27L (LTC_S_CTR)",
          "AirportConditions": "DEPARTING AIRCRAFT MAKE INITIAL CONTACT WITH LONDON CONTROL ON 134.125",
          "ArbitraryText": null,
          "Template": "THIS IS [FACILITY] INFORMATION [ATIS_CODE] AT TIME [OBS_TIME]. AUTOMATIC. ARRIVAL RUNWAY 27L. DEPARTURE RUNWAY 27R. [TL]. [NOTAMS]. [ARPT_COND]. [WIND]. [VIS]. [RVR]. [PRESENT_WX]. [CLOUDS]. [TEMP]. [DEW]. [PRESSURE]. ACKNOWLEDGE RECEIPT OF INFORMATION [ATIS_CODE] AND ADVISE AIRCRAFT TYPE AND SERIES ON FIRST CONTACT WITH HEATHROW."
        },
        {
          "Name": "LANDING 27R (LTC_S_CTR)",
          "AirportConditions": "DEPARTING AIRCRAFT MAKE INITIAL CONTACT WITH LONDON CONTROL ON 134.125",
          "ArbitraryText": null,
          "Template": "THIS IS [FACILITY] INFORMATION [ATIS_CODE] AT TIME [OBS_TIME]. AUTOMATIC. ARRIVAL RUNWAY 27R. DEPARTURE RUNWAY 27L. [TL]. [NOTAMS]. [ARPT_COND]. [WIND]. [VIS]. [RVR]. [PRESENT_WX]. [CLOUDS]. [TEMP]. [DEW]. [PRESSURE]. ACKNOWLEDGE RECEIPT OF INFORMATION [ATIS_CODE] AND ADVISE AIRCRAFT TYPE AND SERIES ON FIRST CONTACT WITH HEATHROW."
        },
        {
          "Name": "LANDING 09L (LTC_S_CTR)",
          "AirportConditions": "PILOTS ARE REMINDED THAT DATALINK CLEARANCES ARE NOT AVAILABLE FOR CPT DEPARTURES. DEPARTING AIRCRAFT MAKE INITIAL CONTACT WITH LONDON CONTROL ON 134.125.",
          "ArbitraryText": null,
          "Template": "THIS IS [FACILITY] INFORMATION [ATIS_CODE] AT TIME [OBS_TIME]. AUTOMATIC. ARRIVAL RUNWAY 09L. DEPARTURE RUNWAY 09R. [TL]. [NOTAMS]. [ARPT_COND]. [WIND]. [VIS]. [RVR]. [PRESENT_WX]. [CLOUDS]. [TEMP]. [DEW]. [PRESSURE]. ACKNOWLEDGE RECEIPT OF INFORMATION [ATIS_CODE] AND ADVISE AIRCRAFT TYPE AND SERIES ON FIRST CONTACT WITH HEATHROW."
        },
        {
          "Name": "SRO 27R (LTC_S_CTR)",
          "AirportConditions": "DEPARTING AIRCRAFT MAKE INITIAL CONTACT WITH LONDON CONTROL ON 134.125",
          "Notams": ".SINGLE RUNWAY OPERATIONS.",
          "ArbitraryText": null,
          "Template": "THIS IS [FACILITY] INFORMATION [ATIS_CODE] AT TIME [OBS_TIME]. AUTOMATIC. RUNWAY 27R IN USE FOR DEPARTURE AND ARRIVAL. [TL]. [NOTAMS]. [ARPT_COND]. [WIND]. [VIS]. [RVR]. [PRESENT_WX]. [CLOUDS]. [TEMP]. [DEW]. [PRESSURE]. ACKNOWLEDGE RECEIPT OF INFORMATION [ATIS_CODE] AND ADVISE AIRCRAFT TYPE AND SERIES ON FIRST CONTACT WITH HEATHROW."
        },
        {
          "Name": "SRO 27L LTC_S_CTR)",
          "AirportConditions": "DEPARTING AIRCRAFT MAKE INITIAL CONTACT WITH LONDON CONTROL ON 134.125",
          "Notams": ".SINGLE RUNWAY OPERATIONS.",
          "ArbitraryText": null,
          "Template": "THIS IS [FACILITY] INFORMATION [ATIS_CODE] AT TIME [OBS_TIME]. AUTOMATIC. RUNWAY 27L IN USE FOR DEPARTURE AND ARRIVAL. [TL]. [NOTAMS]. [ARPT_COND]. [WIND]. [VIS]. [RVR]. [PRESENT_WX]. [CLOUDS]. [TEMP]. [DEW]. [PRESSURE]. ACKNOWLEDGE RECEIPT OF INFORMATION [ATIS_CODE] AND ADVISE AIRCRAFT TYPE AND SERIES ON FIRST CONTACT WITH HEATHROW."
        },
        {
          "Name": "SRO 09R (LTC_S_CTR)",
          "AirportConditions": "PILOTS ARE REMINDED THAT DATALINK CLEARANCES ARE NOT AVAILABLE FOR CPT DEPARTURES. DEPARTING AIRCRAFT MAKE INITIAL CONTACT WITH LONDON CONTROL ON 134.125",
          "Notams": ".SINGLE RUNWAY OPERATIONS.",
          "ArbitraryText": null,
          "Template": "THIS IS [FACILITY] INFORMATION [ATIS_CODE] AT TIME [OBS_TIME]. AUTOMATIC. RUNWAY 09R IN USE FOR DEPARTURE AND ARRIVAL. [TL]. [NOTAMS]. [ARPT_COND]. [WIND]. [VIS]. [RVR]. [PRESENT_WX]. [CLOUDS]. [TEMP]. [DEW]. [PRESSURE]. ACKNOWLEDGE RECEIPT OF INFORMATION [ATIS_CODE] AND ADVISE AIRCRAFT TYPE AND SERIES ON FIRST CONTACT WITH HEATHROW."
        },
        {
          "Name": "SRO 09L (LTC_S_CTR)",
          "AirportConditions": "PILOTS ARE REMINDED THAT DATALINK CLEARANCES ARE NOT AVAILABLE FOR CPT DEPARTURES. DEPARTING AIRCRAFT MAKE INITIAL CONTACT WITH LONDON CONTROL ON 134.125",
          "Notams": ".SINGLE RUNWAY OPERATIONS.",
          "ArbitraryText": null,
          "Template": "THIS IS [FACILITY] INFORMATION [ATIS_CODE] AT TIME [OBS_TIME]. AUTOMATIC. RUNWAY 09L IN USE FOR DEPARTURE AND ARRIVAL. [TL]. [NOTAMS]. [ARPT_COND]. [WIND]. [VIS]. [RVR]. [PRESENT_WX]. [CLOUDS]. [TEMP]. [DEW]. [PRESSURE]. ACKNOWLEDGE RECEIPT OF INFORMATION [ATIS_CODE] AND ADVISE AIRCRAFT TYPE AND SERIES ON FIRST CONTACT WITH HEATHROW."
        },
        {
          "Name": "LANDING 27L (LTC_SE_CTR)",
          "AirportConditions": "DEPARTING AIRCRAFT MAKE INITIAL CONTACT WITH LONDON CONTROL ON 120.525",
          "ArbitraryText": null,
          "Template": "THIS IS [FACILITY] INFORMATION [ATIS_CODE] AT TIME [OBS_TIME]. AUTOMATIC. ARRIVAL RUNWAY 27L. DEPARTURE RUNWAY 27R. [TL]. [NOTAMS]. [ARPT_COND]. [WIND]. [VIS]. [RVR]. [PRESENT_WX]. [CLOUDS]. [TEMP]. [DEW]. [PRESSURE]. ACKNOWLEDGE RECEIPT OF INFORMATION [ATIS_CODE] AND ADVISE AIRCRAFT TYPE AND SERIES ON FIRST CONTACT WITH HEATHROW."
        },
        {
          "Name": "LANDING 27R (LTC_SE_CTR)",
          "AirportConditions": "DEPARTING AIRCRAFT MAKE INITIAL CONTACT WITH LONDON CONTROL ON 120.525",
          "ArbitraryText": null,
          "Template": "THIS IS [FACILITY] INFORMATION [ATIS_CODE] AT TIME [OBS_TIME]. AUTOMATIC. ARRIVAL RUNWAY 27R. DEPARTURE RUNWAY 27L. [TL]. [NOTAMS]. [ARPT_COND]. [WIND]. [VIS]. [RVR]. [PRESENT_WX]. [CLOUDS]. [TEMP]. [DEW]. [PRESSURE]. ACKNOWLEDGE RECEIPT OF INFORMATION [ATIS_CODE] AND ADVISE AIRCRAFT TYPE AND SERIES ON FIRST CONTACT WITH HEATHROW."
        },
        {
          "Name": "LANDING 09L (LTC_SE_CTR)",
          "AirportConditions": "PILOTS ARE REMINDED THAT DATALINK CLEARANCES ARE NOT AVAILABLE FOR CPT DEPARTURES. DEPARTING AIRCRAFT MAKE INITIAL CONTACT WITH LONDON CONTROL ON 120.525",
          "ArbitraryText": null,
          "Template": "THIS IS [FACILITY] INFORMATION [ATIS_CODE] AT TIME [OBS_TIME]. AUTOMATIC. ARRIVAL RUNWAY 09L. DEPARTURE RUNWAY 09R. [TL]. [NOTAMS]. [ARPT_COND]. [WIND]. [VIS]. [RVR]. [PRESENT_WX]. [CLOUDS]. [TEMP]. [DEW]. [PRESSURE]. ACKNOWLEDGE RECEIPT OF INFORMATION [ATIS_CODE] AND ADVISE AIRCRAFT TYPE AND SERIES ON FIRST CONTACT WITH HEATHROW."
        },
        {
          "Name": "SRO 27R (LTC_SE_CTR)",
          "AirportConditions": "DEPARTING AIRCRAFT MAKE INITIAL CONTACT WITH LONDON CONTROL ON 120.525",
          "Notams": ".SINGLE RUNWAY OPERATIONS.",
          "ArbitraryText": null,
          "Template": "THIS IS [FACILITY] INFORMATION [ATIS_CODE] AT TIME [OBS_TIME]. AUTOMATIC. RUNWAY 27R IN USE FOR DEPARTURE AND ARRIVAL. [TL]. [NOTAMS]. [ARPT_COND]. [WIND]. [VIS]. [RVR]. [PRESENT_WX]. [CLOUDS]. [TEMP]. [DEW]. [PRESSURE]. ACKNOWLEDGE RECEIPT OF INFORMATION [ATIS_CODE] AND ADVISE AIRCRAFT TYPE AND SERIES ON FIRST CONTACT WITH HEATHROW."
        },
        {
          "Name": "SRO 27L (LTC_SE_CTR)",
          "AirportConditions": "DEPARTING AIRCRAFT MAKE INITIAL CONTACT WITH LONDON CONTROL ON 120.525",
          "Notams": ".SINGLE RUNWAY OPERATIONS.",
          "ArbitraryText": null,
          "Template": "THIS IS [FACILITY] INFORMATION [ATIS_CODE] AT TIME [OBS_TIME]. AUTOMATIC. RUNWAY 27L IN USE FOR DEPARTURE AND ARRIVAL. [TL]. [NOTAMS]. [ARPT_COND]. [WIND]. [VIS]. [RVR]. [PRESENT_WX]. [CLOUDS]. [TEMP]. [DEW]. [PRESSURE]. ACKNOWLEDGE RECEIPT OF INFORMATION [ATIS_CODE] AND ADVISE AIRCRAFT TYPE AND SERIES ON FIRST CONTACT WITH HEATHROW."
        },
        {
          "Name": "SRO 09R (LTC_SE_CTR)",
          "AirportConditions": "PILOTS ARE REMINDED THAT DATALINK CLEARANCES ARE NOT AVAILABLE FOR CPT DEPARTURES. DEPARTING AIRCRAFT MAKE INITIAL CONTACT WITH LONDON CONTROL ON 120.525",
          "Notams": ".SINGLE RUNWAY OPERATIONS.",
          "ArbitraryText": null,
          "Template": "THIS IS [FACILITY] INFORMATION [ATIS_CODE] AT TIME [OBS_TIME]. AUTOMATIC. RUNWAY 09R IN USE FOR DEPARTURE AND ARRIVAL. [TL]. [NOTAMS]. [ARPT_COND]. [WIND]. [VIS]. [RVR]. [PRESENT_WX]. [CLOUDS]. [TEMP]. [DEW]. [PRESSURE]. ACKNOWLEDGE RECEIPT OF INFORMATION [ATIS_CODE] AND ADVISE AIRCRAFT TYPE AND SERIES ON FIRST CONTACT WITH HEATHROW."
        },
        {
          "Name": "SRO 09L (LTC_SE_CTR)",
          "AirportConditions": "PILOTS ARE REMINDED THAT DATALINK CLEARANCES ARE NOT AVAILABLE FOR CPT DEPARTURES. DEPARTING AIRCRAFT MAKE INITIAL CONTACT WITH LONDON CONTROL ON 120.525",
          "Notams": ".SINGLE RUNWAY OPERATIONS.",
          "ArbitraryText": null,
          "Template": "THIS IS [FACILITY] INFORMATION [ATIS_CODE] AT TIME [OBS_TIME]. AUTOMATIC. RUNWAY 09L IN USE FOR DEPARTURE AND ARRIVAL. [TL]. [NOTAMS]. [ARPT_COND]. [WIND]. [VIS]. [RVR]. [PRESENT_WX]. [CLOUDS]. [TEMP]. [DEW]. [PRESSURE]. ACKNOWLEDGE RECEIPT OF INFORMATION [ATIS_CODE] AND ADVISE AIRCRAFT TYPE AND SERIES ON FIRST CONTACT WITH HEATHROW."
        }
      ],
      "Contractions": [
        {
          "String": "HPA",
          "Spoken": "HECTO-PASKALS"
        },
        {
          "String": "RNAV",
          "Spoken": "ARE-NAV"
        },
        {
          "String": "CAVOK",
          "Spoken": "CAV-OH-KAY"
        },
        {
          "String": "RNP",
          "Spoken": "ARE-ENN-PEE"
        },
        {
          "String": "WIP",
          "Spoken": "WORK-IN-PROGRESS"
        },
        {
          "String": "ILS",
          "Spoken": "EYE-ELL-ESS"
        },
        {
          "String": "ATC",
          "Spoken": "AY-TEE-SEE"
        },
        {
          "String": "DATALINK",
          "Spoken": "DATA-LINK"
        },
        {
          "string": "CPT",
          "spoken": "COMPTON"
        },
        {
          "string": "SRO",
          "spoken": "SINGLE RUNWAY OPERATIONS"
        }
      ],
      "AirportConditionDefinitions": [],
      "AirportConditionsBeforeFreeText": false,
      "NotamDefinitions": [
        {
          "Ordinal": 1,
          "Text": ".ATC LOW VISIBILITY PROCEDURES IN FORCE.",
          "Enabled": false
        },
        {
          "Ordinal": 2,
          "Text": ".PILOTS TO EXPECT A CHANGE TO RUNWAY 27L FOR LANDING AT 1500 LOCAL TIME.",
          "Enabled": false
        },
        {
          "Ordinal": 3,
          "Text": ".PILOTS TO EXPECT A CHANGE TO RUNWAY 27R FOR LANDING AT 1500 LOCAL TIME.",
          "Enabled": false
        },
        {
          "Ordinal": 4,
          "Text": ".DATALINK CLEARANCES ARE AVAILABLE.",
          "Enabled": true
        },
        {
          "ordinal": 5,
          "text": ".PILOTS SHOULD EXPECT SRO FROM 2330 LOCAL TIME.",
          "enabled": false
        },
        {
          "ordinal": 6,
          "text": ".WINDSHEAR REPORTED ON DEPARTURE.",
          "enabled": false
        }
      ],
      "atisFormat": {
        "observationTime": {
          "template": {
            "text": "{time}Z",
            "voice": "{time} ZULU {special}"
          }
        },
        "surfaceWind": {
          "speakLeadingZero": false,
          "magneticVariation": {
            "enabled": false,
            "magneticDegrees": 0
          },
          "standard": {
            "template": {
              "text": "{wind_dir}/{wind_spd}KT",
              "voice": "SURFACE WIND {wind_dir} DEGREES {wind_spd} KNOTS"
            }
          },
          "standardGust": {
            "template": {
              "text": "{wind_dir}/{wind_spd}G{wind_gust}KT",
              "voice": "SURFACE WIND {wind_dir} DEGREES {wind_spd} GUSTING {wind_gust} KNOTS"
            }
          },
          "variable": {
            "template": {
              "text": "VRB{wind_spd}KT",
              "voice": "SURFACE WIND VARIABLE {wind_spd} KNOTS"
            }
          },
          "variableGust": {
            "template": {
              "text": "VRB{wind_spd}G{wind_gust}KT",
              "voice": "SURFACE WIND VARIABLE {wind_spd} GUSTING {wind_gust} KNOTS"
            }
          },
          "variableDirection": {
            "template": {
              "text": "{wind_vmin}V{wind_vmax}",
              "voice": "WIND VARIABLE BETWEEN {wind_vmin} AND {wind_vmax} DEGREES"
            }
          },
          "calm": {
            "calmWindSpeed": 3,
            "template": {
              "text": "{wind}",
              "voice": "SURFACE WIND CALM"
            }
          }
        },
        "visibility": {
          "north": "to the north",
          "northEast": "to the north-east",
          "east": "to the east",
          "southEast": "to the south-east",
          "south": "to the south",
          "southWest": "to the south-west",
          "west": "to the west",
          "northWest": "to the north-west",
          "unlimitedVisibilityVoice": "visibility 10 kilometers or more",
          "unlimitedVisibilityText": "VIS 10KM",
          "includeVisibilitySuffix": true,
          "metersCutoff": 9000,
          "template": {
            "text": "{visibility}",
            "voice": "VISIBILITY {visibility}"
          }
        },
        "presentWeather": {
          "lightIntensity": "light",
          "moderateIntensity": "",
          "heavyIntensity": "heavy",
          "vicinity": "in vicinity",
          "weatherTypes": {
            "DZ": "drizzle",
            "RA": "rain",
            "SN": "snow",
            "SG": "snow grains",
            "IC": "ice crystals",
            "PL": "ice pellets",
            "GR": "hail",
            "GS": "small hail",
            "UP": "unknown precipitation",
            "BR": "mist",
            "FG": "fog",
            "FU": "smoke",
            "VA": "volcanic ash",
            "DU": "widespread dust",
            "SA": "sand",
            "HZ": "haze",
            "PY": "spray",
            "PO": "well developed dust, sand whirls",
            "SQ": "squalls",
            "FC": "funnel cloud tornado waterspout",
            "SS": "sandstorm",
            "DS": "dust storm"
          },
          "weatherDescriptors": {
            "PR": "partial",
            "BC": "patches",
            "MI": "shallow",
            "DR": "low drifting",
            "BL": "blowing",
            "SH": "showers",
            "TS": "thunderstorm",
            "FZ": "freezing"
          },
          "template": {
            "text": "{weather}",
            "voice": "{weather}"
          }
        },
        "clouds": {
          "identifyCeilingLayer": false,
          "convertToMetric": false,
          "undeterminedLayerAltitude": {
            "text": "undetermined",
            "voice": "undetermined"
          },
          "types": {
            "FEW": {
              "$type": "Vatsim.Vatis.Profiles.AtisFormat.Nodes.CloudType, vATIS",
              "text": "FEW{altitude}",
              "voice": "Clouds few at {altitude} feet"
            },
            "SCT": {
              "$type": "Vatsim.Vatis.Profiles.AtisFormat.Nodes.CloudType, vATIS",
              "text": "SCT{altitude}{convective}",
              "voice": "Clouds scattered {convective} at {altitude} feet"
            },
            "BKN": {
              "$type": "Vatsim.Vatis.Profiles.AtisFormat.Nodes.CloudType, vATIS",
              "text": "BKN{altitude}{convective}",
              "voice": "Clouds broken {convective} at {altitude} feet"
            },
            "OVC": {
              "$type": "Vatsim.Vatis.Profiles.AtisFormat.Nodes.CloudType, vATIS",
              "text": "OVC{altitude}{convective}",
              "voice": "Clouds overcast {convective} at {altitude} feet"
            },
            "VV": {
              "$type": "Vatsim.Vatis.Profiles.AtisFormat.Nodes.CloudType, vATIS",
              "text": "VV{altitude}",
              "voice": "indefinite ceiling {altitude}"
            },
            "NSC": {
              "$type": "Vatsim.Vatis.Profiles.AtisFormat.Nodes.CloudType, vATIS",
              "text": "NSC",
              "voice": "no significant clouds"
            },
            "NCD": {
              "$type": "Vatsim.Vatis.Profiles.AtisFormat.Nodes.CloudType, vATIS",
              "text": "NCD",
              "voice": "no clouds detected"
            },
            "CLR": {
              "$type": "Vatsim.Vatis.Profiles.AtisFormat.Nodes.CloudType, vATIS",
              "text": "CLR",
              "voice": "sky clear"
            },
            "SKC": {
              "$type": "Vatsim.Vatis.Profiles.AtisFormat.Nodes.CloudType, vATIS",
              "text": "SKC",
              "voice": "sky clear"
            }
          },
          "convectiveTypes": {
            "CB": "cumulonimbus",
            "TCU": "towering cumulus"
          },
          "template": {
            "text": "{clouds}",
            "voice": "{clouds}"
          }
        },
        "temperature": {
          "usePlusPrefix": false,
          "pronounceLeadingZero": false,
          "template": {
            "text": "{temp}",
            "voice": "TEMPERATURE {temp}"
          }
        },
        "dewpoint": {
          "usePlusPrefix": false,
          "pronounceLeadingZero": false,
          "template": {
            "text": "{dewpoint}",
            "voice": "DEWPOINT {dewpoint}"
          }
        },
        "altimeter": {
          "pronounceDecimal": false,
          "template": {
            "text": "QNH {altimeter}",
            "voice": "QNH {altimeter}"
          }
        },
        "transitionLevel": {
          "values": [
            {
              "low": 1050,
              "high": 1060,
              "altitude": 60
            },
            {
              "low": 1032,
              "high": 1049,
              "altitude": 65
            },
            {
              "low": 1013,
              "high": 1031,
              "altitude": 70
            },
            {
              "low": 995,
              "high": 1012,
              "altitude": 75
            },
            {
              "low": 977,
              "high": 994,
              "altitude": 80
            },
            {
              "low": 959,
              "high": 976,
              "altitude": 85
            }
          ],
          "template": {
            "text": "TRANSITION LEVEL {trl}",
            "voice": "TRANSITION LEVEL. FLIGHT LEVEL {trl}"
          }
        },
        "closingStatement": {
          "autoIncludeClosingStatement": false,
          "template": {
            "text": "...ADVS YOU HAVE INFO {letter}",
            "voice": "ADVISE ON INITIAL CONTACT, YOU HAVE INFORMATION {letter|word}"
          }
        }
      },
      "NotamsBeforeFreeText": false
    },
    {
      "Name": "London City",
      "Identifier": "EGLC",
      "AtisType": 0,
      "codeRange": {
        "low": "A",
        "high": "Z"
      },
      "AtisFrequency": 36350,
      "AtisVoice": {
        "UseTextToSpeech": true,
        "Voice": "UK Male"
      },
      "idsEndpoint": "",
      "useNotamPrefix": false,
      "useDecimalTerminology": true,
      "airportConditionsBeforeFreeText": false,
      "notamsBeforeFreeText": false,
      "Presets": [
        {
          "Name": "RUNWAY 27 (LTC_S_CTR)",
          "AirportConditions": "DEPARTURES MUST MAINTAIN *3000 FEET UNTIL ADVISED. DEPARTING AIRCRAFT MAKE INITIAL CONTACT WITH LONDON CONTROL ON 134.125",
          "ArbitraryText": null,
          "Template": "THIS IS [FACILITY] INFORMATION [ATIS_CODE] AT TIME [OBS_TIME]. AUTOMATIC. RUNWAY 27 IN USE. [TL]. [NOTAMS]. [ARPT_COND]. [WIND]. [VIS]. [RVR]. [PRESENT_WX]. [CLOUDS]. [TEMP]. [DEW]. [PRESSURE]. ACKNOWLEDGE RECEIPT OF INFORMATION [ATIS_CODE] AND ADVISE AIRCRAFT TYPE ON FIRST CONTACT."
        },
        {
          "Name": "RUNWAY 09 (LTC_S_CTR)",
          "AirportConditions": "DEPARTURES MUST MAINTAIN *3000 FEET UNTIL ADVISED. DEPARTING AIRCRAFT MAKE INITIAL CONTACT WITH LONDON CONTROL ON 134.125",
          "ArbitraryText": null,
          "Template": "THIS IS [FACILITY] INFORMATION [ATIS_CODE] AT TIME [OBS_TIME]. AUTOMATIC. RUNWAY 09 IN USE. [TL]. [NOTAMS]. [ARPT_COND]. [WIND]. [VIS]. [RVR]. [PRESENT_WX]. [CLOUDS]. [TEMP]. [DEW]. [PRESSURE]. ACKNOWLEDGE RECEIPT OF INFORMATION [ATIS_CODE] AND ADVISE AIRCRAFT TYPE ON FIRST CONTACT."
        },
        {
          "Name": "RUNWAY 27 (LTC_SE_CTR)",
          "AirportConditions": "DEPARTURES MUST MAINTAIN *3000 FEET UNTIL ADVISED. DEPARTING AIRCRAFT MAKE INITIAL CONTACT WITH LONDON CONTROL ON 120.525",
          "ArbitraryText": null,
          "Template": "THIS IS [FACILITY] INFORMATION [ATIS_CODE] AT TIME [OBS_TIME]. AUTOMATIC. RUNWAY 27 IN USE. [TL]. [NOTAMS]. [ARPT_COND]. [WIND]. [VIS]. [RVR]. [PRESENT_WX]. [CLOUDS]. [TEMP]. [DEW]. [PRESSURE]. ACKNOWLEDGE RECEIPT OF INFORMATION [ATIS_CODE] AND ADVISE AIRCRAFT TYPE ON FIRST CONTACT."
        },
        {
          "Name": "RUNWAY 09 (LTC_SE_CTR)",
          "AirportConditions": "DEPARTURES MUST MAINTAIN *3000 FEET UNTIL ADVISED. DEPARTING AIRCRAFT MAKE INITIAL CONTACT WITH LONDON CONTROL ON 120.525",
          "ArbitraryText": null,
          "Template": "THIS IS [FACILITY] INFORMATION [ATIS_CODE] AT TIME [OBS_TIME]. AUTOMATIC. RUNWAY 09 IN USE. [TL]. [NOTAMS]. [ARPT_COND]. [WIND]. [VIS]. [RVR]. [PRESENT_WX]. [CLOUDS]. [TEMP]. [DEW]. [PRESSURE]. ACKNOWLEDGE RECEIPT OF INFORMATION [ATIS_CODE] AND ADVISE AIRCRAFT TYPE ON FIRST CONTACT."
        }
      ],
      "Contractions": [
        {
          "String": "HPA",
          "Spoken": "HECTO-PASKALS"
        },
        {
          "String": "RNAV",
          "Spoken": "ARE-NAV"
        },
        {
          "String": "CAVOK",
          "Spoken": "CAV-OH-KAY"
        },
        {
          "String": "RNP",
          "Spoken": "ARE-ENN-PEE"
        },
        {
          "String": "WIP",
          "Spoken": "WORK-IN-PROGRESS"
        },
        {
          "String": "ILS",
          "Spoken": "EYE-ELL-ESS"
        },
        {
          "String": "ATC",
          "Spoken": "AY-TEE-SEE"
        },
        {
          "String": "DATALINK",
          "Spoken": "DATA-LINK"
        },
        {
          "string": "CPT",
          "spoken": "COMPTON"
        },
        {
          "string": "SRO",
          "spoken": "SINGLE RUNWAY OPERATIONS"
        }

      ],
      "AirportConditionDefinitions": [],
      "AirportConditionsBeforeFreeText": false,
      "NotamDefinitions": [
        {
          "Ordinal": 1,
          "Text": ".ATC LOW VISIBILITY PROCEDURES IN FORCE.",
          "Enabled": false
        },
        {
          "Ordinal": 2,
          "Text": ".DATALINK CLEARANCES ARE AVAILABLE.",
          "Enabled": true
        },
        {
          "ordinal": 3,
          "text": ".WINDSHEAR REPORTED ON DEPARTURE.",
          "enabled": false
        }
      ],
      "atisFormat": {
        "observationTime": {
          "template": {
            "text": "{time}Z",
            "voice": "{time} ZULU {special}"
          }
        },
        "surfaceWind": {
          "speakLeadingZero": false,
          "magneticVariation": {
            "enabled": false,
            "magneticDegrees": 0
          },
          "standard": {
            "template": {
              "text": "{wind_dir}/{wind_spd}KT",
              "voice": "SURFACE WIND {wind_dir} DEGREES {wind_spd} KNOTS"
            }
          },
          "standardGust": {
            "template": {
              "text": "{wind_dir}/{wind_spd}G{wind_gust}KT",
              "voice": "SURFACE WIND {wind_dir} DEGREES {wind_spd} GUSTING {wind_gust} KNOTS"
            }
          },
          "variable": {
            "template": {
              "text": "VRB{wind_spd}KT",
              "voice": "SURFACE WIND VARIABLE {wind_spd} KNOTS"
            }
          },
          "variableGust": {
            "template": {
              "text": "VRB{wind_spd}G{wind_gust}KT",
              "voice": "SURFACE WIND VARIABLE {wind_spd} GUSTING {wind_gust} KNOTS"
            }
          },
          "variableDirection": {
            "template": {
              "text": "{wind_vmin}V{wind_vmax}",
              "voice": "WIND VARIABLE BETWEEN {wind_vmin} AND {wind_vmax} DEGREES"
            }
          },
          "calm": {
            "calmWindSpeed": 3,
            "template": {
              "text": "{wind}",
              "voice": "SURFACE WIND CALM"
            }
          }
        },
        "visibility": {
          "north": "to the north",
          "northEast": "to the north-east",
          "east": "to the east",
          "southEast": "to the south-east",
          "south": "to the south",
          "southWest": "to the south-west",
          "west": "to the west",
          "northWest": "to the north-west",
          "unlimitedVisibilityVoice": "visibility 10 kilometers or more",
          "unlimitedVisibilityText": "VIS 10KM",
          "includeVisibilitySuffix": true,
          "metersCutoff": 9000,
          "template": {
            "text": "{visibility}",
            "voice": "VISIBILITY {visibility}"
          }
        },
        "presentWeather": {
          "lightIntensity": "light",
          "moderateIntensity": "",
          "heavyIntensity": "heavy",
          "vicinity": "in vicinity",
          "weatherTypes": {
            "DZ": "drizzle",
            "RA": "rain",
            "SN": "snow",
            "SG": "snow grains",
            "IC": "ice crystals",
            "PL": "ice pellets",
            "GR": "hail",
            "GS": "small hail",
            "UP": "unknown precipitation",
            "BR": "mist",
            "FG": "fog",
            "FU": "smoke",
            "VA": "volcanic ash",
            "DU": "widespread dust",
            "SA": "sand",
            "HZ": "haze",
            "PY": "spray",
            "PO": "well developed dust, sand whirls",
            "SQ": "squalls",
            "FC": "funnel cloud tornado waterspout",
            "SS": "sandstorm",
            "DS": "dust storm"
          },
          "weatherDescriptors": {
            "PR": "partial",
            "BC": "patches",
            "MI": "shallow",
            "DR": "low drifting",
            "BL": "blowing",
            "SH": "showers",
            "TS": "thunderstorm",
            "FZ": "freezing"
          },
          "template": {
            "text": "{weather}",
            "voice": "{weather}"
          }
        },
        "clouds": {
          "identifyCeilingLayer": false,
          "convertToMetric": false,
          "undeterminedLayerAltitude": {
            "text": "undetermined",
            "voice": "undetermined"
          },
          "types": {
            "FEW": {
              "$type": "Vatsim.Vatis.Profiles.AtisFormat.Nodes.CloudType, vATIS",
              "text": "FEW{altitude}",
              "voice": "Clouds few at {altitude} feet"
            },
            "SCT": {
              "$type": "Vatsim.Vatis.Profiles.AtisFormat.Nodes.CloudType, vATIS",
              "text": "SCT{altitude}{convective}",
              "voice": "Clouds scattered {convective} at {altitude} feet"
            },
            "BKN": {
              "$type": "Vatsim.Vatis.Profiles.AtisFormat.Nodes.CloudType, vATIS",
              "text": "BKN{altitude}{convective}",
              "voice": "Clouds broken {convective} at {altitude} feet"
            },
            "OVC": {
              "$type": "Vatsim.Vatis.Profiles.AtisFormat.Nodes.CloudType, vATIS",
              "text": "OVC{altitude}{convective}",
              "voice": "Clouds overcast {convective} at {altitude} feet"
            },
            "VV": {
              "$type": "Vatsim.Vatis.Profiles.AtisFormat.Nodes.CloudType, vATIS",
              "text": "VV{altitude}",
              "voice": "indefinite ceiling {altitude}"
            },
            "NSC": {
              "$type": "Vatsim.Vatis.Profiles.AtisFormat.Nodes.CloudType, vATIS",
              "text": "NSC",
              "voice": "no significant clouds"
            },
            "NCD": {
              "$type": "Vatsim.Vatis.Profiles.AtisFormat.Nodes.CloudType, vATIS",
              "text": "NCD",
              "voice": "no clouds detected"
            },
            "CLR": {
              "$type": "Vatsim.Vatis.Profiles.AtisFormat.Nodes.CloudType, vATIS",
              "text": "CLR",
              "voice": "sky clear"
            },
            "SKC": {
              "$type": "Vatsim.Vatis.Profiles.AtisFormat.Nodes.CloudType, vATIS",
              "text": "SKC",
              "voice": "sky clear"
            }
          },
          "convectiveTypes": {
            "CB": "cumulonimbus",
            "TCU": "towering cumulus"
          },
          "template": {
            "text": "{clouds}",
            "voice": "{clouds}"
          }
        },
        "temperature": {
          "usePlusPrefix": false,
          "pronounceLeadingZero": false,
          "template": {
            "text": "{temp}",
            "voice": "TEMPERATURE {temp}"
          }
        },
        "dewpoint": {
          "usePlusPrefix": false,
          "pronounceLeadingZero": false,
          "template": {
            "text": "{dewpoint}",
            "voice": "DEWPOINT {dewpoint}"
          }
        },
        "altimeter": {
          "pronounceDecimal": false,
          "template": {
            "text": "QNH {altimeter}",
            "voice": "QNH {altimeter}"
          }
        },
        "transitionLevel": {
          "values": [
            {
              "low": 1050,
              "high": 1060,
              "altitude": 60
            },
            {
              "low": 1032,
              "high": 1049,
              "altitude": 65
            },
            {
              "low": 1013,
              "high": 1031,
              "altitude": 70
            },
            {
              "low": 995,
              "high": 1012,
              "altitude": 75
            },
            {
              "low": 977,
              "high": 994,
              "altitude": 80
            },
            {
              "low": 959,
              "high": 976,
              "altitude": 85
            }
          ],
          "template": {
            "text": "TRANSITION LEVEL {trl}",
            "voice": "TRANSITION LEVEL. FLIGHT LEVEL {trl}"
          }
        },
        "closingStatement": {
          "autoIncludeClosingStatement": false,
          "template": {
            "text": "...ADVS YOU HAVE INFO {letter}",
            "voice": "ADVISE ON INITIAL CONTACT, YOU HAVE INFORMATION {letter|word}"
          }
        }
      },
      "NotamsBeforeFreeText": false
    },
    {
      "Name": "Shoreham",
      "Identifier": "EGKA",
      "AtisType": 0,
      "codeRange": {
        "low": "A",
        "high": "Z"
      },
      "AtisFrequency": 30975,
      "AtisVoice": {
        "UseTextToSpeech": true,
        "Voice": "UK Male"
      },
      "idsEndpoint": "",
      "useNotamPrefix": false,
      "useDecimalTerminology": true,
      "airportConditionsBeforeFreeText": false,
      "notamsBeforeFreeText": false,
      "Presets": [
        {
          "Name": "RUNWAY 20 (LTC_S_CTR)",
          "AirportConditions": "RNP APPROACH TO BE EXPECTED. GRASS RUNWAYS ARE AVAILABLE ON REQUEST. DATALINK CLEARANCES ARE NOT AVAILABLE. DEPARTING AIRCRAFT MAKE INITIAL CONTACT WITH LONDON CONTROL ON 134.125",
          "ArbitraryText": null,
          "Template": "THIS IS [FACILITY] INFORMATION [ATIS_CODE] AT TIME [OBS_TIME]. RUNWAY 20 IN USE. [TL]. [NOTAMS]. [ARPT_COND]. [WIND]. [VIS]. [RVR]. [PRESENT_WX]. [CLOUDS]. [TEMP]. [DEW]. [PRESSURE]. ACKNOWLEDGE RECEIPT OF INFORMATION [ATIS_CODE] AND ADVISE AIRCRAFT TYPE ON FIRST CONTACT."
        },
        {
          "Name": "RUNWAY 02 (LTC_S_CTR)",
          "AirportConditions": "RNP APPROACH TO BE EXPECTED. GRASS RUNWAYS ARE AVAILABLE ON REQUEST. DATALINK CLEARANCES ARE NOT AVAILABLE. DEPARTING AIRCRAFT MAKE INITIAL CONTACT WITH LONDON CONTROL ON 134.125",
          "ArbitraryText": null,
          "Template": "THIS IS [FACILITY] INFORMATION [ATIS_CODE] AT TIME [OBS_TIME]. RUNWAY 02 IN USE. [TL]. [NOTAMS]. [ARPT_COND]. [WIND]. [VIS]. [RVR]. [PRESENT_WX]. [CLOUDS]. [TEMP]. [DEW]. [PRESSURE]. ACKNOWLEDGE RECEIPT OF INFORMATION [ATIS_CODE] AND ADVISE AIRCRAFT TYPE ON FIRST CONTACT."
        },
        {
          "Name": "RUNWAY 20 (LTC_SW_CTR)",
          "AirportConditions": "RNP APPROACH TO BE EXPECTED. GRASS RUNWAYS ARE AVAILABLE ON REQUEST. DATALINK CLEARANCES ARE NOT AVAILABLE. DEPARTING AIRCRAFT MAKE INITIAL CONTACT WITH LONDON CONTROL ON 133.175",
          "ArbitraryText": null,
          "Template": "THIS IS [FACILITY] INFORMATION [ATIS_CODE] AT TIME [OBS_TIME]. RUNWAY 20 IN USE. [TL]. [NOTAMS]. [ARPT_COND]. [WIND]. [VIS]. [RVR]. [PRESENT_WX]. [CLOUDS]. [TEMP]. [DEW]. [PRESSURE]. ACKNOWLEDGE RECEIPT OF INFORMATION [ATIS_CODE] AND ADVISE AIRCRAFT TYPE ON FIRST CONTACT."
        },
        {
          "Name": "RUNWAY 02 (LTC_SW_CTR)",
          "AirportConditions": "RNP APPROACH TO BE EXPECTED. GRASS RUNWAYS ARE AVAILABLE ON REQUEST. DATALINK CLEARANCES ARE NOT AVAILABLE. DEPARTING AIRCRAFT MAKE INITIAL CONTACT WITH LONDON CONTROL ON 133.175",
          "ArbitraryText": null,
          "Template": "THIS IS [FACILITY] INFORMATION [ATIS_CODE] AT TIME [OBS_TIME]. RUNWAY 02 IN USE. [TL]. [NOTAMS]. [ARPT_COND]. [WIND]. [VIS]. [RVR]. [PRESENT_WX]. [CLOUDS]. [TEMP]. [DEW]. [PRESSURE]. ACKNOWLEDGE RECEIPT OF INFORMATION [ATIS_CODE] AND ADVISE AIRCRAFT TYPE ON FIRST CONTACT."
        }
      ],
      "Contractions": [
        {
          "String": "HPA",
          "Spoken": "HECTO-PASKALS"
        },
        {
          "String": "RNAV",
          "Spoken": "ARE-NAV"
        },
        {
          "String": "CAVOK",
          "Spoken": "CAV-OH-KAY"
        },
        {
          "String": "RNP",
          "Spoken": "ARE-ENN-PEE"
        },
        {
          "String": "WIP",
          "Spoken": "WORK-IN-PROGRESS"
        },
        {
          "String": "ILS",
          "Spoken": "EYE-ELL-ESS"
        },
        {
          "String": "ATC",
          "Spoken": "AY-TEE-SEE"
        },
        {
          "String": "DATALINK",
          "Spoken": "DATA-LINK"
        },
        {
          "string": "CPT",
          "spoken": "COMPTON"
        },
        {
          "string": "SRO",
          "spoken": "SINGLE RUNWAY OPERATIONS"
        }

      ],
      "AirportConditionDefinitions": [],
      "AirportConditionsBeforeFreeText": false,
      "NotamDefinitions": [
        {
          "Ordinal": 1,
          "Text": ".ATC LOW VISIBILITY PROCEDURES IN FORCE.",
          "Enabled": false
        },
        {
          "ordinal": 2,
          "text": ".WINDSHEAR REPORTED ON DEPARTURE.",
          "enabled": false
        }
      ],
      "atisFormat": {
        "observationTime": {
          "template": {
            "text": "{time}Z",
            "voice": "{time} ZULU {special}"
          }
        },
        "surfaceWind": {
          "speakLeadingZero": false,
          "magneticVariation": {
            "enabled": false,
            "magneticDegrees": 0
          },
          "standard": {
            "template": {
              "text": "{wind_dir}/{wind_spd}KT",
              "voice": "SURFACE WIND {wind_dir} DEGREES {wind_spd} KNOTS"
            }
          },
          "standardGust": {
            "template": {
              "text": "{wind_dir}/{wind_spd}G{wind_gust}KT",
              "voice": "SURFACE WIND {wind_dir} DEGREES {wind_spd} GUSTING {wind_gust} KNOTS"
            }
          },
          "variable": {
            "template": {
              "text": "VRB{wind_spd}KT",
              "voice": "SURFACE WIND VARIABLE {wind_spd} KNOTS"
            }
          },
          "variableGust": {
            "template": {
              "text": "VRB{wind_spd}G{wind_gust}KT",
              "voice": "SURFACE WIND VARIABLE {wind_spd} GUSTING {wind_gust} KNOTS"
            }
          },
          "variableDirection": {
            "template": {
              "text": "{wind_vmin}V{wind_vmax}",
              "voice": "WIND VARIABLE BETWEEN {wind_vmin} AND {wind_vmax} DEGREES"
            }
          },
          "calm": {
            "calmWindSpeed": 3,
            "template": {
              "text": "{wind}",
              "voice": "SURFACE WIND CALM"
            }
          }
        },
        "visibility": {
          "north": "to the north",
          "northEast": "to the north-east",
          "east": "to the east",
          "southEast": "to the south-east",
          "south": "to the south",
          "southWest": "to the south-west",
          "west": "to the west",
          "northWest": "to the north-west",
          "unlimitedVisibilityVoice": "visibility 10 kilometers or more",
          "unlimitedVisibilityText": "VIS 10KM",
          "includeVisibilitySuffix": true,
          "metersCutoff": 9000,
          "template": {
            "text": "{visibility}",
            "voice": "VISIBILITY {visibility}"
          }
        },
        "presentWeather": {
          "lightIntensity": "light",
          "moderateIntensity": "",
          "heavyIntensity": "heavy",
          "vicinity": "in vicinity",
          "weatherTypes": {
            "DZ": "drizzle",
            "RA": "rain",
            "SN": "snow",
            "SG": "snow grains",
            "IC": "ice crystals",
            "PL": "ice pellets",
            "GR": "hail",
            "GS": "small hail",
            "UP": "unknown precipitation",
            "BR": "mist",
            "FG": "fog",
            "FU": "smoke",
            "VA": "volcanic ash",
            "DU": "widespread dust",
            "SA": "sand",
            "HZ": "haze",
            "PY": "spray",
            "PO": "well developed dust, sand whirls",
            "SQ": "squalls",
            "FC": "funnel cloud tornado waterspout",
            "SS": "sandstorm",
            "DS": "dust storm"
          },
          "weatherDescriptors": {
            "PR": "partial",
            "BC": "patches",
            "MI": "shallow",
            "DR": "low drifting",
            "BL": "blowing",
            "SH": "showers",
            "TS": "thunderstorm",
            "FZ": "freezing"
          },
          "template": {
            "text": "{weather}",
            "voice": "{weather}"
          }
        },
        "clouds": {
          "identifyCeilingLayer": false,
          "convertToMetric": false,
          "undeterminedLayerAltitude": {
            "text": "undetermined",
            "voice": "undetermined"
          },
          "types": {
            "FEW": {
              "$type": "Vatsim.Vatis.Profiles.AtisFormat.Nodes.CloudType, vATIS",
              "text": "FEW{altitude}",
              "voice": "Clouds few at {altitude} feet"
            },
            "SCT": {
              "$type": "Vatsim.Vatis.Profiles.AtisFormat.Nodes.CloudType, vATIS",
              "text": "SCT{altitude}{convective}",
              "voice": "Clouds scattered {convective} at {altitude} feet"
            },
            "BKN": {
              "$type": "Vatsim.Vatis.Profiles.AtisFormat.Nodes.CloudType, vATIS",
              "text": "BKN{altitude}{convective}",
              "voice": "Clouds broken {convective} at {altitude} feet"
            },
            "OVC": {
              "$type": "Vatsim.Vatis.Profiles.AtisFormat.Nodes.CloudType, vATIS",
              "text": "OVC{altitude}{convective}",
              "voice": "Clouds overcast {convective} at {altitude} feet"
            },
            "VV": {
              "$type": "Vatsim.Vatis.Profiles.AtisFormat.Nodes.CloudType, vATIS",
              "text": "VV{altitude}",
              "voice": "indefinite ceiling {altitude}"
            },
            "NSC": {
              "$type": "Vatsim.Vatis.Profiles.AtisFormat.Nodes.CloudType, vATIS",
              "text": "NSC",
              "voice": "no significant clouds"
            },
            "NCD": {
              "$type": "Vatsim.Vatis.Profiles.AtisFormat.Nodes.CloudType, vATIS",
              "text": "NCD",
              "voice": "no clouds detected"
            },
            "CLR": {
              "$type": "Vatsim.Vatis.Profiles.AtisFormat.Nodes.CloudType, vATIS",
              "text": "CLR",
              "voice": "sky clear"
            },
            "SKC": {
              "$type": "Vatsim.Vatis.Profiles.AtisFormat.Nodes.CloudType, vATIS",
              "text": "SKC",
              "voice": "sky clear"
            }
          },
          "convectiveTypes": {
            "CB": "cumulonimbus",
            "TCU": "towering cumulus"
          },
          "template": {
            "text": "{clouds}",
            "voice": "{clouds}"
          }
        },
        "temperature": {
          "usePlusPrefix": false,
          "pronounceLeadingZero": false,
          "template": {
            "text": "{temp}",
            "voice": "TEMPERATURE {temp}"
          }
        },
        "dewpoint": {
          "usePlusPrefix": false,
          "pronounceLeadingZero": false,
          "template": {
            "text": "{dewpoint}",
            "voice": "DEWPOINT {dewpoint}"
          }
        },
        "altimeter": {
          "pronounceDecimal": false,
          "template": {
            "text": "QNH {altimeter}",
            "voice": "QNH {altimeter}"
          }
        },
        "transitionLevel": {
          "values": [
            {
              "low": 1050,
              "high": 1060,
              "altitude": 60
            },
            {
              "low": 1032,
              "high": 1049,
              "altitude": 65
            },
            {
              "low": 1013,
              "high": 1031,
              "altitude": 70
            },
            {
              "low": 995,
              "high": 1012,
              "altitude": 75
            },
            {
              "low": 977,
              "high": 994,
              "altitude": 80
            },
            {
              "low": 959,
              "high": 976,
              "altitude": 85
            }
          ],
          "template": {
            "text": "TRANSITION LEVEL {trl}",
            "voice": "TRANSITION LEVEL. FLIGHT LEVEL {trl}"
          }
        },
        "closingStatement": {
          "autoIncludeClosingStatement": false,
          "template": {
            "text": "...ADVS YOU HAVE INFO {letter}",
            "voice": "ADVISE ON INITIAL CONTACT, YOU HAVE INFORMATION {letter|word}"
          }
        }
      },
      "NotamsBeforeFreeText": false
    },
    {
      "Name": "Biggin Hill",
      "Identifier": "EGKB",
      "AtisType": 0,
      "codeRange": {
        "low": "A",
        "high": "Z"
      },
      "AtisFrequency": 35675,
      "AtisVoice": {
        "UseTextToSpeech": true,
        "Voice": "UK Male"
      },
      "idsEndpoint": "",
      "useNotamPrefix": false,
      "useDecimalTerminology": true,
      "airportConditionsBeforeFreeText": false,
      "notamsBeforeFreeText": false,
      "Presets": [
        {
          "Name": "RUNWAY 21 (LTC_S_CTR)",
          "AirportConditions": "ILS APPROACH TO BE EXPECTED. DEPARTURES MUST MAINTAIN *2400 FEET UNTIL CLEARED TO ENTER CONTROLLED AIRSPACE. DATALINK CLEARANCES ARE NOT AVAILABLE. DEPARTING AIRCRAFT MAKE INITIAL CONTACT WITH LONDON CONTROL ON 134.125",
          "ArbitraryText": null,
          "Template": "THIS IS [FACILITY] INFORMATION [ATIS_CODE] AT TIME [OBS_TIME]. RUNWAY 21 IN USE. [TL]. [NOTAMS]. [ARPT_COND]. [WIND]. [VIS]. [RVR]. [PRESENT_WX]. [CLOUDS]. [TEMP]. [DEW]. [PRESSURE]. ACKNOWLEDGE RECEIPT OF INFORMATION [ATIS_CODE] AND ADVISE AIRCRAFT TYPE ON FIRST CONTACT."
        },
        {
          "Name": "RUNWAY 03 (LTC_S_CTR)",
          "AirportConditions": "VISUAL OR CIRCLING APPROACH TO BE EXPECTED. DEPARTURES MUST MAINTAIN *2400 FEET UNTIL CLEARED TO ENTER CONTROLLED AIRSPACE. DATALINK CLEARANCES ARE NOT AVAILABLE. DEPARTING AIRCRAFT MAKE INITIAL CONTACT WITH LONDON CONTROL ON 134.125",
          "ArbitraryText": null,
          "Template": "THIS IS [FACILITY] INFORMATION [ATIS_CODE] AT TIME [OBS_TIME]. RUNWAY 03 IN USE. [TL]. [NOTAMS]. [ARPT_COND]. [WIND]. [VIS]. [RVR]. [PRESENT_WX]. [CLOUDS]. [TEMP]. [DEW]. [PRESSURE]. ACKNOWLEDGE RECEIPT OF INFORMATION [ATIS_CODE] AND ADVISE AIRCRAFT TYPE ON FIRST CONTACT."
        },
        {
          "Name": "RUNWAY 21 (LTC_SE_CTR)",
          "AirportConditions": "ILS APPROACH TO BE EXPECTED. DEPARTURES MUST MAINTAIN *2400 FEET UNTIL CLEARED TO ENTER CONTROLLED AIRSPACE. DATALINK CLEARANCES ARE NOT AVAILABLE. DEPARTING AIRCRAFT MAKE INITIAL CONTACT WITH LONDON CONTROL ON 120.525",
          "ArbitraryText": null,
          "Template": "THIS IS [FACILITY] INFORMATION [ATIS_CODE] AT TIME [OBS_TIME]. RUNWAY 21 IN USE. [TL]. [NOTAMS]. [ARPT_COND]. [WIND]. [VIS]. [RVR]. [PRESENT_WX]. [CLOUDS]. [TEMP]. [DEW]. [PRESSURE]. ACKNOWLEDGE RECEIPT OF INFORMATION [ATIS_CODE] AND ADVISE AIRCRAFT TYPE ON FIRST CONTACT."
        },
        {
          "Name": "RUNWAY 03 (LTC_SE_CTR)",
          "AirportConditions": "VISUAL OR CIRCLING APPROACH TO BE EXPECTED. DEPARTURES MUST MAINTAIN *2400 FEET UNTIL CLEARED TO ENTER CONTROLLED AIRSPACE. DATALINK CLEARANCES ARE NOT AVAILABLE. DEPARTING AIRCRAFT MAKE INITIAL CONTACT WITH LONDON CONTROL ON 120.525",
          "ArbitraryText": null,
          "Template": "THIS IS [FACILITY] INFORMATION [ATIS_CODE] AT TIME [OBS_TIME]. RUNWAY 03 IN USE. [TL]. [NOTAMS]. [ARPT_COND]. [WIND]. [VIS]. [RVR]. [PRESENT_WX]. [CLOUDS]. [TEMP]. [DEW]. [PRESSURE]. ACKNOWLEDGE RECEIPT OF INFORMATION [ATIS_CODE] AND ADVISE AIRCRAFT TYPE ON FIRST CONTACT."
        }
      ],
      "Contractions": [
        {
          "String": "HPA",
          "Spoken": "HECTO-PASKALS"
        },
        {
          "String": "RNAV",
          "Spoken": "ARE-NAV"
        },
        {
          "String": "CAVOK",
          "Spoken": "CAV-OH-KAY"
        },
        {
          "String": "RNP",
          "Spoken": "ARE-ENN-PEE"
        },
        {
          "String": "WIP",
          "Spoken": "WORK-IN-PROGRESS"
        },
        {
          "String": "ILS",
          "Spoken": "EYE-ELL-ESS"
        },
        {
          "String": "ATC",
          "Spoken": "AY-TEE-SEE"
        },
        {
          "String": "DATALINK",
          "Spoken": "DATA-LINK"
        },
        {
          "string": "CPT",
          "spoken": "COMPTON"
        },
        {
          "string": "SRO",
          "spoken": "SINGLE RUNWAY OPERATIONS"
        }

      ],
      "AirportConditionDefinitions": [],
      "AirportConditionsBeforeFreeText": false,
      "NotamDefinitions": [
        {
          "Ordinal": 1,
          "Text": ".ATC LOW VISIBILITY PROCEDURES IN FORCE.",
          "Enabled": false
        },
        {
          "ordinal": 2,
          "text": ".WINDSHEAR REPORTED ON DEPARTURE.",
          "enabled": false
        }
      ],
      "atisFormat": {
        "observationTime": {
          "template": {
            "text": "{time}Z",
            "voice": "{time} ZULU {special}"
          }
        },
        "surfaceWind": {
          "speakLeadingZero": false,
          "magneticVariation": {
            "enabled": false,
            "magneticDegrees": 0
          },
          "standard": {
            "template": {
              "text": "{wind_dir}/{wind_spd}KT",
              "voice": "SURFACE WIND {wind_dir} DEGREES {wind_spd} KNOTS"
            }
          },
          "standardGust": {
            "template": {
              "text": "{wind_dir}/{wind_spd}G{wind_gust}KT",
              "voice": "SURFACE WIND {wind_dir} DEGREES {wind_spd} GUSTING {wind_gust} KNOTS"
            }
          },
          "variable": {
            "template": {
              "text": "VRB{wind_spd}KT",
              "voice": "SURFACE WIND VARIABLE {wind_spd} KNOTS"
            }
          },
          "variableGust": {
            "template": {
              "text": "VRB{wind_spd}G{wind_gust}KT",
              "voice": "SURFACE WIND VARIABLE {wind_spd} GUSTING {wind_gust} KNOTS"
            }
          },
          "variableDirection": {
            "template": {
              "text": "{wind_vmin}V{wind_vmax}",
              "voice": "WIND VARIABLE BETWEEN {wind_vmin} AND {wind_vmax} DEGREES"
            }
          },
          "calm": {
            "calmWindSpeed": 3,
            "template": {
              "text": "{wind}",
              "voice": "SURFACE WIND CALM"
            }
          }
        },
        "visibility": {
          "north": "to the north",
          "northEast": "to the north-east",
          "east": "to the east",
          "southEast": "to the south-east",
          "south": "to the south",
          "southWest": "to the south-west",
          "west": "to the west",
          "northWest": "to the north-west",
          "unlimitedVisibilityVoice": "visibility 10 kilometers or more",
          "unlimitedVisibilityText": "VIS 10KM",
          "includeVisibilitySuffix": true,
          "metersCutoff": 9000,
          "template": {
            "text": "{visibility}",
            "voice": "VISIBILITY {visibility}"
          }
        },
        "presentWeather": {
          "lightIntensity": "light",
          "moderateIntensity": "",
          "heavyIntensity": "heavy",
          "vicinity": "in vicinity",
          "weatherTypes": {
            "DZ": "drizzle",
            "RA": "rain",
            "SN": "snow",
            "SG": "snow grains",
            "IC": "ice crystals",
            "PL": "ice pellets",
            "GR": "hail",
            "GS": "small hail",
            "UP": "unknown precipitation",
            "BR": "mist",
            "FG": "fog",
            "FU": "smoke",
            "VA": "volcanic ash",
            "DU": "widespread dust",
            "SA": "sand",
            "HZ": "haze",
            "PY": "spray",
            "PO": "well developed dust, sand whirls",
            "SQ": "squalls",
            "FC": "funnel cloud tornado waterspout",
            "SS": "sandstorm",
            "DS": "dust storm"
          },
          "weatherDescriptors": {
            "PR": "partial",
            "BC": "patches",
            "MI": "shallow",
            "DR": "low drifting",
            "BL": "blowing",
            "SH": "showers",
            "TS": "thunderstorm",
            "FZ": "freezing"
          },
          "template": {
            "text": "{weather}",
            "voice": "{weather}"
          }
        },
        "clouds": {
          "identifyCeilingLayer": false,
          "convertToMetric": false,
          "undeterminedLayerAltitude": {
            "text": "undetermined",
            "voice": "undetermined"
          },
          "types": {
            "FEW": {
              "$type": "Vatsim.Vatis.Profiles.AtisFormat.Nodes.CloudType, vATIS",
              "text": "FEW{altitude}",
              "voice": "Clouds few at {altitude} feet"
            },
            "SCT": {
              "$type": "Vatsim.Vatis.Profiles.AtisFormat.Nodes.CloudType, vATIS",
              "text": "SCT{altitude}{convective}",
              "voice": "Clouds scattered {convective} at {altitude} feet"
            },
            "BKN": {
              "$type": "Vatsim.Vatis.Profiles.AtisFormat.Nodes.CloudType, vATIS",
              "text": "BKN{altitude}{convective}",
              "voice": "Clouds broken {convective} at {altitude} feet"
            },
            "OVC": {
              "$type": "Vatsim.Vatis.Profiles.AtisFormat.Nodes.CloudType, vATIS",
              "text": "OVC{altitude}{convective}",
              "voice": "Clouds overcast {convective} at {altitude} feet"
            },
            "VV": {
              "$type": "Vatsim.Vatis.Profiles.AtisFormat.Nodes.CloudType, vATIS",
              "text": "VV{altitude}",
              "voice": "indefinite ceiling {altitude}"
            },
            "NSC": {
              "$type": "Vatsim.Vatis.Profiles.AtisFormat.Nodes.CloudType, vATIS",
              "text": "NSC",
              "voice": "no significant clouds"
            },
            "NCD": {
              "$type": "Vatsim.Vatis.Profiles.AtisFormat.Nodes.CloudType, vATIS",
              "text": "NCD",
              "voice": "no clouds detected"
            },
            "CLR": {
              "$type": "Vatsim.Vatis.Profiles.AtisFormat.Nodes.CloudType, vATIS",
              "text": "CLR",
              "voice": "sky clear"
            },
            "SKC": {
              "$type": "Vatsim.Vatis.Profiles.AtisFormat.Nodes.CloudType, vATIS",
              "text": "SKC",
              "voice": "sky clear"
            }
          },
          "convectiveTypes": {
            "CB": "cumulonimbus",
            "TCU": "towering cumulus"
          },
          "template": {
            "text": "{clouds}",
            "voice": "{clouds}"
          }
        },
        "temperature": {
          "usePlusPrefix": false,
          "pronounceLeadingZero": false,
          "template": {
            "text": "{temp}",
            "voice": "TEMPERATURE {temp}"
          }
        },
        "dewpoint": {
          "usePlusPrefix": false,
          "pronounceLeadingZero": false,
          "template": {
            "text": "{dewpoint}",
            "voice": "DEWPOINT {dewpoint}"
          }
        },
        "altimeter": {
          "pronounceDecimal": false,
          "template": {
            "text": "QNH {altimeter}",
            "voice": "QNH {altimeter}"
          }
        },
        "transitionLevel": {
          "values": [
            {
              "low": 1050,
              "high": 1060,
              "altitude": 60
            },
            {
              "low": 1032,
              "high": 1049,
              "altitude": 65
            },
            {
              "low": 1013,
              "high": 1031,
              "altitude": 70
            },
            {
              "low": 995,
              "high": 1012,
              "altitude": 75
            },
            {
              "low": 977,
              "high": 994,
              "altitude": 80
            },
            {
              "low": 959,
              "high": 976,
              "altitude": 85
            }
          ],
          "template": {
            "text": "TRANSITION LEVEL {trl}",
            "voice": "TRANSITION LEVEL. FLIGHT LEVEL {trl}"
          }
        },
        "closingStatement": {
          "autoIncludeClosingStatement": false,
          "template": {
            "text": "...ADVS YOU HAVE INFO {letter}",
            "voice": "ADVISE ON INITIAL CONTACT, YOU HAVE INFORMATION {letter|word}"
          }
        }
      },
      "NotamsBeforeFreeText": false
    },
    {
      "Name": "Farnborough",
      "Identifier": "EGLF",
      "AtisType": 0,
      "codeRange": {
        "low": "A",
        "high": "Z"
      },
      "AtisFrequency": 28400,
      "AtisVoice": {
        "UseTextToSpeech": true,
        "Voice": "UK Male"
      },
      "idsEndpoint": "",
      "useNotamPrefix": false,
      "useDecimalTerminology": true,
      "airportConditionsBeforeFreeText": false,
      "notamsBeforeFreeText": false,
      "Presets": [
        {
          "Name": "RUNWAY 24 (LTC_S_CTR)",
          "AirportConditions": "ILS APPROACH TO BE EXPECTED. DEPARTING AIRCRAFT MAKE INITIAL CONTACT WITH LONDON CONTROL ON 134.125",
          "ArbitraryText": null,
          "Template": "THIS IS [FACILITY] INFORMATION [ATIS_CODE] AT TIME [OBS_TIME]. RUNWAY 24 IN USE. [TL]. [NOTAMS]. [ARPT_COND]. [WIND]. [VIS]. [RVR]. [PRESENT_WX]. [CLOUDS]. [TEMP]. [DEW]. [PRESSURE]. ACKNOWLEDGE RECEIPT OF INFORMATION [ATIS_CODE] AND ADVISE AIRCRAFT TYPE ON FIRST CONTACT."
        },
        {
          "Name": "RUNWAY 06 (LTC_S_CTR)",
          "AirportConditions": "ILS APPROACH TO BE EXPECTED. DEPARTING AIRCRAFT MAKE INITIAL CONTACT WITH LONDON CONTROL ON 134.125",
          "ArbitraryText": null,
          "Template": "THIS IS [FACILITY] INFORMATION [ATIS_CODE] AT TIME [OBS_TIME]. RUNWAY 06 IN USE. [TL]. [NOTAMS]. [ARPT_COND]. [WIND]. [VIS]. [RVR]. [PRESENT_WX]. [CLOUDS]. [TEMP]. [DEW]. [PRESSURE]. ACKNOWLEDGE RECEIPT OF INFORMATION [ATIS_CODE] AND ADVISE AIRCRAFT TYPE ON FIRST CONTACT."
        },
        {
          "Name": "RUNWAY 24 (LTC_SW_CTR)",
          "AirportConditions": "ILS APPROACH TO BE EXPECTED. DEPARTING AIRCRAFT MAKE INITIAL CONTACT WITH LONDON CONTROL ON 133.175",
          "ArbitraryText": null,
          "Template": "THIS IS [FACILITY] INFORMATION [ATIS_CODE] AT TIME [OBS_TIME]. RUNWAY 24 IN USE. [TL]. [NOTAMS]. [ARPT_COND]. [WIND]. [VIS]. [RVR]. [PRESENT_WX]. [CLOUDS]. [TEMP]. [DEW]. [PRESSURE]. ACKNOWLEDGE RECEIPT OF INFORMATION [ATIS_CODE] AND ADVISE AIRCRAFT TYPE ON FIRST CONTACT."
        },
        {
          "Name": "RUNWAY 06 (LTC_SW_CTR)",
          "AirportConditions": "ILS APPROACH TO BE EXPECTED. DEPARTING AIRCRAFT MAKE INITIAL CONTACT WITH LONDON CONTROL ON 133.175",
          "ArbitraryText": null,
          "Template": "THIS IS [FACILITY] INFORMATION [ATIS_CODE] AT TIME [OBS_TIME]. RUNWAY 06 IN USE. [TL]. [NOTAMS]. [ARPT_COND]. [WIND]. [VIS]. [RVR]. [PRESENT_WX]. [CLOUDS]. [TEMP]. [DEW]. [PRESSURE]. ACKNOWLEDGE RECEIPT OF INFORMATION [ATIS_CODE] AND ADVISE AIRCRAFT TYPE ON FIRST CONTACT."
        }
      ],
      "Contractions": [
        {
          "String": "HPA",
          "Spoken": "HECTO-PASKALS"
        },
        {
          "String": "RNAV",
          "Spoken": "ARE-NAV"
        },
        {
          "String": "CAVOK",
          "Spoken": "CAV-OH-KAY"
        },
        {
          "String": "RNP",
          "Spoken": "ARE-ENN-PEE"
        },
        {
          "String": "WIP",
          "Spoken": "WORK-IN-PROGRESS"
        },
        {
          "String": "ILS",
          "Spoken": "EYE-ELL-ESS"
        },
        {
          "String": "ATC",
          "Spoken": "AY-TEE-SEE"
        },
        {
          "String": "DATALINK",
          "Spoken": "DATA-LINK"
        },
        {
          "string": "CPT",
          "spoken": "COMPTON"
        },
        {
          "string": "SRO",
          "spoken": "SINGLE RUNWAY OPERATIONS"
        }

      ],
      "AirportConditionDefinitions": [],
      "AirportConditionsBeforeFreeText": false,
      "NotamDefinitions": [
        {
          "Ordinal": 1,
          "Text": ".ATC LOW VISIBILITY PROCEDURES IN FORCE.",
          "Enabled": false
        },
        {
          "ordinal": 2,
          "text": ".WINDSHEAR REPORTED ON DEPARTURE.",
          "enabled": false
        },
        {
          "ordinal": 3,
          "text": ".DATALINK CLEARANCES ARE AVAILABLE.",
          "enabled": true
        }
      ],
      "atisFormat": {
        "observationTime": {
          "template": {
            "text": "{time}Z",
            "voice": "{time} ZULU {special}"
          }
        },
        "surfaceWind": {
          "speakLeadingZero": false,
          "magneticVariation": {
            "enabled": false,
            "magneticDegrees": 0
          },
          "standard": {
            "template": {
              "text": "{wind_dir}/{wind_spd}KT",
              "voice": "SURFACE WIND {wind_dir} DEGREES {wind_spd} KNOTS"
            }
          },
          "standardGust": {
            "template": {
              "text": "{wind_dir}/{wind_spd}G{wind_gust}KT",
              "voice": "SURFACE WIND {wind_dir} DEGREES {wind_spd} GUSTING {wind_gust} KNOTS"
            }
          },
          "variable": {
            "template": {
              "text": "VRB{wind_spd}KT",
              "voice": "SURFACE WIND VARIABLE {wind_spd} KNOTS"
            }
          },
          "variableGust": {
            "template": {
              "text": "VRB{wind_spd}G{wind_gust}KT",
              "voice": "SURFACE WIND VARIABLE {wind_spd} GUSTING {wind_gust} KNOTS"
            }
          },
          "variableDirection": {
            "template": {
              "text": "{wind_vmin}V{wind_vmax}",
              "voice": "WIND VARIABLE BETWEEN {wind_vmin} AND {wind_vmax} DEGREES"
            }
          },
          "calm": {
            "calmWindSpeed": 3,
            "template": {
              "text": "{wind}",
              "voice": "SURFACE WIND CALM"
            }
          }
        },
        "visibility": {
          "north": "to the north",
          "northEast": "to the north-east",
          "east": "to the east",
          "southEast": "to the south-east",
          "south": "to the south",
          "southWest": "to the south-west",
          "west": "to the west",
          "northWest": "to the north-west",
          "unlimitedVisibilityVoice": "visibility 10 kilometers or more",
          "unlimitedVisibilityText": "VIS 10KM",
          "includeVisibilitySuffix": true,
          "metersCutoff": 9000,
          "template": {
            "text": "{visibility}",
            "voice": "VISIBILITY {visibility}"
          }
        },
        "presentWeather": {
          "lightIntensity": "light",
          "moderateIntensity": "",
          "heavyIntensity": "heavy",
          "vicinity": "in vicinity",
          "weatherTypes": {
            "DZ": "drizzle",
            "RA": "rain",
            "SN": "snow",
            "SG": "snow grains",
            "IC": "ice crystals",
            "PL": "ice pellets",
            "GR": "hail",
            "GS": "small hail",
            "UP": "unknown precipitation",
            "BR": "mist",
            "FG": "fog",
            "FU": "smoke",
            "VA": "volcanic ash",
            "DU": "widespread dust",
            "SA": "sand",
            "HZ": "haze",
            "PY": "spray",
            "PO": "well developed dust, sand whirls",
            "SQ": "squalls",
            "FC": "funnel cloud tornado waterspout",
            "SS": "sandstorm",
            "DS": "dust storm"
          },
          "weatherDescriptors": {
            "PR": "partial",
            "BC": "patches",
            "MI": "shallow",
            "DR": "low drifting",
            "BL": "blowing",
            "SH": "showers",
            "TS": "thunderstorm",
            "FZ": "freezing"
          },
          "template": {
            "text": "{weather}",
            "voice": "{weather}"
          }
        },
        "clouds": {
          "identifyCeilingLayer": false,
          "convertToMetric": false,
          "undeterminedLayerAltitude": {
            "text": "undetermined",
            "voice": "undetermined"
          },
          "types": {
            "FEW": {
              "$type": "Vatsim.Vatis.Profiles.AtisFormat.Nodes.CloudType, vATIS",
              "text": "FEW{altitude}",
              "voice": "Clouds few at {altitude} feet"
            },
            "SCT": {
              "$type": "Vatsim.Vatis.Profiles.AtisFormat.Nodes.CloudType, vATIS",
              "text": "SCT{altitude}{convective}",
              "voice": "Clouds scattered {convective} at {altitude} feet"
            },
            "BKN": {
              "$type": "Vatsim.Vatis.Profiles.AtisFormat.Nodes.CloudType, vATIS",
              "text": "BKN{altitude}{convective}",
              "voice": "Clouds broken {convective} at {altitude} feet"
            },
            "OVC": {
              "$type": "Vatsim.Vatis.Profiles.AtisFormat.Nodes.CloudType, vATIS",
              "text": "OVC{altitude}{convective}",
              "voice": "Clouds overcast {convective} at {altitude} feet"
            },
            "VV": {
              "$type": "Vatsim.Vatis.Profiles.AtisFormat.Nodes.CloudType, vATIS",
              "text": "VV{altitude}",
              "voice": "indefinite ceiling {altitude}"
            },
            "NSC": {
              "$type": "Vatsim.Vatis.Profiles.AtisFormat.Nodes.CloudType, vATIS",
              "text": "NSC",
              "voice": "no significant clouds"
            },
            "NCD": {
              "$type": "Vatsim.Vatis.Profiles.AtisFormat.Nodes.CloudType, vATIS",
              "text": "NCD",
              "voice": "no clouds detected"
            },
            "CLR": {
              "$type": "Vatsim.Vatis.Profiles.AtisFormat.Nodes.CloudType, vATIS",
              "text": "CLR",
              "voice": "sky clear"
            },
            "SKC": {
              "$type": "Vatsim.Vatis.Profiles.AtisFormat.Nodes.CloudType, vATIS",
              "text": "SKC",
              "voice": "sky clear"
            }
          },
          "convectiveTypes": {
            "CB": "cumulonimbus",
            "TCU": "towering cumulus"
          },
          "template": {
            "text": "{clouds}",
            "voice": "{clouds}"
          }
        },
        "temperature": {
          "usePlusPrefix": false,
          "pronounceLeadingZero": false,
          "template": {
            "text": "{temp}",
            "voice": "TEMPERATURE {temp}"
          }
        },
        "dewpoint": {
          "usePlusPrefix": false,
          "pronounceLeadingZero": false,
          "template": {
            "text": "{dewpoint}",
            "voice": "DEWPOINT {dewpoint}"
          }
        },
        "altimeter": {
          "pronounceDecimal": false,
          "template": {
            "text": "QNH {altimeter}",
            "voice": "QNH {altimeter}"
          }
        },
        "transitionLevel": {
          "values": [
            {
              "low": 1050,
              "high": 1060,
              "altitude": 60
            },
            {
              "low": 1032,
              "high": 1049,
              "altitude": 65
            },
            {
              "low": 1013,
              "high": 1031,
              "altitude": 70
            },
            {
              "low": 995,
              "high": 1012,
              "altitude": 75
            },
            {
              "low": 977,
              "high": 994,
              "altitude": 80
            },
            {
              "low": 959,
              "high": 976,
              "altitude": 85
            }
          ],
          "template": {
            "text": "TRANSITION LEVEL {trl}",
            "voice": "TRANSITION LEVEL. FLIGHT LEVEL {trl}"
          }
        },
        "closingStatement": {
          "autoIncludeClosingStatement": false,
          "template": {
            "text": "...ADVS YOU HAVE INFO {letter}",
            "voice": "ADVISE ON INITIAL CONTACT, YOU HAVE INFORMATION {letter|word}"
          }
        }
      },
      "NotamsBeforeFreeText": false
    },
    {
      "Name": "Southend",
      "Identifier": "EGMC",
      "AtisType": 0,
      "codeRange": {
        "low": "A",
        "high": "Z"
      },
      "AtisFrequency": 36050,
      "AtisVoice": {
        "UseTextToSpeech": true,
        "Voice": "UK Male"
      },
      "idsEndpoint": "",
      "useNotamPrefix": false,
      "useDecimalTerminology": true,
      "airportConditionsBeforeFreeText": false,
      "notamsBeforeFreeText": false,
      "Presets": [
        {
          "Name": "RUNWAY 23 (LTC_S_CTR)",
          "AirportConditions": "ILS APPROACH TO BE EXPECTED. DEPARTING AIRCRAFT MAKE INITIAL CONTACT WITH LONDON CONTROL ON 134.125",
          "ArbitraryText": null,
          "Template": "THIS IS [FACILITY] INFORMATION [ATIS_CODE] AT TIME [OBS_TIME]. RUNWAY 23 IN USE. [TL]. [NOTAMS]. [ARPT_COND]. [WIND]. [VIS]. [RVR]. [PRESENT_WX]. [CLOUDS]. [TEMP]. [DEW]. [PRESSURE]. ACKNOWLEDGE RECEIPT OF INFORMATION [ATIS_CODE] AND ADVISE AIRCRAFT TYPE ON FIRST CONTACT."
        },
        {
          "Name": "RUNWAY 05 (LTC_S_CTR)",
          "AirportConditions": "ILS APPROACH TO BE EXPECTED. DEPARTING AIRCRAFT MAKE INITIAL CONTACT WITH LONDON CONTROL ON 134.125",
          "ArbitraryText": null,
          "Template": "THIS IS [FACILITY] INFORMATION [ATIS_CODE] AT TIME [OBS_TIME]. RUNWAY 05 IN USE. [TL]. [NOTAMS]. [ARPT_COND]. [WIND]. [VIS]. [RVR]. [PRESENT_WX]. [CLOUDS]. [TEMP]. [DEW]. [PRESSURE]. ACKNOWLEDGE RECEIPT OF INFORMATION [ATIS_CODE] AND ADVISE AIRCRAFT TYPE ON FIRST CONTACT."
        },
        {
          "Name": "RUNWAY 23 (LTC_SE_CTR)",
          "AirportConditions": "ILS APPROACH TO BE EXPECTED. DEPARTING AIRCRAFT MAKE INITIAL CONTACT WITH LONDON CONTROL ON 120.525",
          "ArbitraryText": null,
          "Template": "THIS IS [FACILITY] INFORMATION [ATIS_CODE] AT TIME [OBS_TIME]. RUNWAY 23 IN USE. [TL]. [NOTAMS]. [ARPT_COND]. [WIND]. [VIS]. [RVR]. [PRESENT_WX]. [CLOUDS]. [TEMP]. [DEW]. [PRESSURE]. ACKNOWLEDGE RECEIPT OF INFORMATION [ATIS_CODE] AND ADVISE AIRCRAFT TYPE ON FIRST CONTACT."
        },
        {
          "Name": "RUNWAY 05 (LTC_SE_CTR)",
          "AirportConditions": "ILS APPROACH TO BE EXPECTED. DEPARTING AIRCRAFT MAKE INITIAL CONTACT WITH LONDON CONTROL ON 120.525",
          "ArbitraryText": null,
          "Template": "THIS IS [FACILITY] INFORMATION [ATIS_CODE] AT TIME [OBS_TIME]. RUNWAY 05 IN USE. [TL]. [NOTAMS]. [ARPT_COND]. [WIND]. [VIS]. [RVR]. [PRESENT_WX]. [CLOUDS]. [TEMP]. [DEW]. [PRESSURE]. ACKNOWLEDGE RECEIPT OF INFORMATION [ATIS_CODE] AND ADVISE AIRCRAFT TYPE ON FIRST CONTACT."
        }
      ],
      "Contractions": [
        {
          "String": "HPA",
          "Spoken": "HECTO-PASKALS"
        },
        {
          "String": "RNAV",
          "Spoken": "ARE-NAV"
        },
        {
          "String": "CAVOK",
          "Spoken": "CAV-OH-KAY"
        },
        {
          "String": "RNP",
          "Spoken": "ARE-ENN-PEE"
        },
        {
          "String": "WIP",
          "Spoken": "WORK-IN-PROGRESS"
        },
        {
          "String": "ILS",
          "Spoken": "EYE-ELL-ESS"
        },
        {
          "String": "ATC",
          "Spoken": "AY-TEE-SEE"
        },
        {
          "String": "DATALINK",
          "Spoken": "DATA-LINK"
        },
        {
          "string": "CPT",
          "spoken": "COMPTON"
        },
        {
          "string": "SRO",
          "spoken": "SINGLE RUNWAY OPERATIONS"
        }

      ],
      "AirportConditionDefinitions": [],
      "AirportConditionsBeforeFreeText": false,
      "NotamDefinitions": [
        {
          "Ordinal": 1,
          "Text": ".ATC LOW VISIBILITY PROCEDURES IN FORCE.",
          "Enabled": false
        },
        {
          "ordinal": 2,
          "text": ".WINDSHEAR REPORTED ON DEPARTURE.",
          "enabled": false
        },
        {
          "ordinal": 3,
          "text": ".DATALINK CLEARANCES ARE AVAILABLE.",
          "enabled": false
        }
      ],
      "atisFormat": {
        "observationTime": {
          "template": {
            "text": "{time}Z",
            "voice": "{time} ZULU {special}"
          }
        },
        "surfaceWind": {
          "speakLeadingZero": false,
          "magneticVariation": {
            "enabled": false,
            "magneticDegrees": 0
          },
          "standard": {
            "template": {
              "text": "{wind_dir}/{wind_spd}KT",
              "voice": "SURFACE WIND {wind_dir} DEGREES {wind_spd} KNOTS"
            }
          },
          "standardGust": {
            "template": {
              "text": "{wind_dir}/{wind_spd}G{wind_gust}KT",
              "voice": "SURFACE WIND {wind_dir} DEGREES {wind_spd} GUSTING {wind_gust} KNOTS"
            }
          },
          "variable": {
            "template": {
              "text": "VRB{wind_spd}KT",
              "voice": "SURFACE WIND VARIABLE {wind_spd} KNOTS"
            }
          },
          "variableGust": {
            "template": {
              "text": "VRB{wind_spd}G{wind_gust}KT",
              "voice": "SURFACE WIND VARIABLE {wind_spd} GUSTING {wind_gust} KNOTS"
            }
          },
          "variableDirection": {
            "template": {
              "text": "{wind_vmin}V{wind_vmax}",
              "voice": "WIND VARIABLE BETWEEN {wind_vmin} AND {wind_vmax} DEGREES"
            }
          },
          "calm": {
            "calmWindSpeed": 3,
            "template": {
              "text": "{wind}",
              "voice": "SURFACE WIND CALM"
            }
          }
        },
        "visibility": {
          "north": "to the north",
          "northEast": "to the north-east",
          "east": "to the east",
          "southEast": "to the south-east",
          "south": "to the south",
          "southWest": "to the south-west",
          "west": "to the west",
          "northWest": "to the north-west",
          "unlimitedVisibilityVoice": "visibility 10 kilometers or more",
          "unlimitedVisibilityText": "VIS 10KM",
          "includeVisibilitySuffix": true,
          "metersCutoff": 9000,
          "template": {
            "text": "{visibility}",
            "voice": "VISIBILITY {visibility}"
          }
        },
        "presentWeather": {
          "lightIntensity": "light",
          "moderateIntensity": "",
          "heavyIntensity": "heavy",
          "vicinity": "in vicinity",
          "weatherTypes": {
            "DZ": "drizzle",
            "RA": "rain",
            "SN": "snow",
            "SG": "snow grains",
            "IC": "ice crystals",
            "PL": "ice pellets",
            "GR": "hail",
            "GS": "small hail",
            "UP": "unknown precipitation",
            "BR": "mist",
            "FG": "fog",
            "FU": "smoke",
            "VA": "volcanic ash",
            "DU": "widespread dust",
            "SA": "sand",
            "HZ": "haze",
            "PY": "spray",
            "PO": "well developed dust, sand whirls",
            "SQ": "squalls",
            "FC": "funnel cloud tornado waterspout",
            "SS": "sandstorm",
            "DS": "dust storm"
          },
          "weatherDescriptors": {
            "PR": "partial",
            "BC": "patches",
            "MI": "shallow",
            "DR": "low drifting",
            "BL": "blowing",
            "SH": "showers",
            "TS": "thunderstorm",
            "FZ": "freezing"
          },
          "template": {
            "text": "{weather}",
            "voice": "{weather}"
          }
        },
        "clouds": {
          "identifyCeilingLayer": false,
          "convertToMetric": false,
          "undeterminedLayerAltitude": {
            "text": "undetermined",
            "voice": "undetermined"
          },
          "types": {
            "FEW": {
              "$type": "Vatsim.Vatis.Profiles.AtisFormat.Nodes.CloudType, vATIS",
              "text": "FEW{altitude}",
              "voice": "Clouds few at {altitude} feet"
            },
            "SCT": {
              "$type": "Vatsim.Vatis.Profiles.AtisFormat.Nodes.CloudType, vATIS",
              "text": "SCT{altitude}{convective}",
              "voice": "Clouds scattered {convective} at {altitude} feet"
            },
            "BKN": {
              "$type": "Vatsim.Vatis.Profiles.AtisFormat.Nodes.CloudType, vATIS",
              "text": "BKN{altitude}{convective}",
              "voice": "Clouds broken {convective} at {altitude} feet"
            },
            "OVC": {
              "$type": "Vatsim.Vatis.Profiles.AtisFormat.Nodes.CloudType, vATIS",
              "text": "OVC{altitude}{convective}",
              "voice": "Clouds overcast {convective} at {altitude} feet"
            },
            "VV": {
              "$type": "Vatsim.Vatis.Profiles.AtisFormat.Nodes.CloudType, vATIS",
              "text": "VV{altitude}",
              "voice": "indefinite ceiling {altitude}"
            },
            "NSC": {
              "$type": "Vatsim.Vatis.Profiles.AtisFormat.Nodes.CloudType, vATIS",
              "text": "NSC",
              "voice": "no significant clouds"
            },
            "NCD": {
              "$type": "Vatsim.Vatis.Profiles.AtisFormat.Nodes.CloudType, vATIS",
              "text": "NCD",
              "voice": "no clouds detected"
            },
            "CLR": {
              "$type": "Vatsim.Vatis.Profiles.AtisFormat.Nodes.CloudType, vATIS",
              "text": "CLR",
              "voice": "sky clear"
            },
            "SKC": {
              "$type": "Vatsim.Vatis.Profiles.AtisFormat.Nodes.CloudType, vATIS",
              "text": "SKC",
              "voice": "sky clear"
            }
          },
          "convectiveTypes": {
            "CB": "cumulonimbus",
            "TCU": "towering cumulus"
          },
          "template": {
            "text": "{clouds}",
            "voice": "{clouds}"
          }
        },
        "temperature": {
          "usePlusPrefix": false,
          "pronounceLeadingZero": false,
          "template": {
            "text": "{temp}",
            "voice": "TEMPERATURE {temp}"
          }
        },
        "dewpoint": {
          "usePlusPrefix": false,
          "pronounceLeadingZero": false,
          "template": {
            "text": "{dewpoint}",
            "voice": "DEWPOINT {dewpoint}"
          }
        },
        "altimeter": {
          "pronounceDecimal": false,
          "template": {
            "text": "QNH {altimeter}",
            "voice": "QNH {altimeter}"
          }
        },
        "transitionLevel": {
          "values": [
            {
              "low": 1050,
              "high": 1060,
              "altitude": 60
            },
            {
              "low": 1032,
              "high": 1049,
              "altitude": 65
            },
            {
              "low": 1013,
              "high": 1031,
              "altitude": 70
            },
            {
              "low": 995,
              "high": 1012,
              "altitude": 75
            },
            {
              "low": 977,
              "high": 994,
              "altitude": 80
            },
            {
              "low": 959,
              "high": 976,
              "altitude": 85
            }
          ],
          "template": {
            "text": "TRANSITION LEVEL {trl}",
            "voice": "TRANSITION LEVEL. FLIGHT LEVEL {trl}"
          }
        },
        "closingStatement": {
          "autoIncludeClosingStatement": false,
          "template": {
            "text": "...ADVS YOU HAVE INFO {letter}",
            "voice": "ADVISE ON INITIAL CONTACT, YOU HAVE INFORMATION {letter|word}"
          }
        }
      },
      "NotamsBeforeFreeText": false
    }

  ]
}