{
  "Name": "UK - Swanwick",
  "Composites": [
    {
      "Id": "4e933946-ff55-42ed-8956-2a59e90db9bd",
      "Name": "Coningsby",
      "Identifier": "EGXC",
      "AtisType": 0,
      "Contractions": [
        {
          "String": "MARHAM",
          "Spoken": "MARR UM"
        }
      ],
      "AtisFrequency": 22625,
      "ObservationTime": {
        "Enabled": false,
        "Time": 0
      },
      "MagneticVariation": {
        "Enabled": false,
        "MagneticDegrees": 0
      },
      "AtisVoice": {
        "UseTextToSpeech": true,
        "Voice": "UK Male"
      },
      "IDSEndpoint": null,
      "Presets": [
        {
          "Name": "07 RH",
          "AirportConditions": "",
          "Notams": "",
          "ArbitraryText": null,
          "Template": "THIS IS CONINGSBY INFORMATION CODE [ATIS_CODE] AT TIME [OBS_TIME]. RUNWAY IN USE ZERO SEVEN. RIGHT HAND.  [WIND]. [VIS]. [PRESENT_WX]. [CLOUDS]. [TEMP]. [DEW]. [PRESSURE]. [ARPT_COND]. [NOTAMS]. END OF CONINGSBY INFORMATION CODE [ATIS_CODE].",
          "ExternalGenerator": {
            "Url": null,
            "Arrival": null,
            "Departure": null,
            "Approaches": null,
            "Remarks": null
          }
        },
        {
          "Name": "25",
          "AirportConditions": "",
          "Notams": "",
          "ArbitraryText": null,
          "Template": "THIS IS CONINGSBY INFORMATION CODE [ATIS_CODE] AT TIME [OBS_TIME]. RUNWAY IN USE TWO FIVE.  [WIND]. [VIS]. [PRESENT_WX]. [CLOUDS]. [TEMP]. [DEW]. [PRESSURE]. [ARPT_COND]. [NOTAMS]. END OF CONINGSBY INFORMATION CODE [ATIS_CODE].",
          "ExternalGenerator": {
            "Url": null,
            "Arrival": null,
            "Departure": null,
            "Approaches": null,
            "Remarks": null
          }
        }
      ],
      "AirportConditionDefinitions": [
        {
          "Ordinal": 4,
          "Text": "COLOUR CODE BLUE",
          "Enabled": true
        },
        {
          "Ordinal": 5,
          "Text": "COLOUR CODE WHITE",
          "Enabled": false
        },
        {
          "Ordinal": 6,
          "Text": "COLOUR CODE GREEN",
          "Enabled": false
        },
        {
          "Ordinal": 7,
          "Text": "COLOUR CODE YELLOW ONE",
          "Enabled": false
        },
        {
          "Ordinal": 8,
          "Text": "COLOUR CODE YELLOW TWO",
          "Enabled": false
        },
        {
          "Ordinal": 9,
          "Text": "COLOUR CODE AMBER",
          "Enabled": false
        },
        {
          "Ordinal": 10,
          "Text": "COLOUR CODE RED",
          "Enabled": false
        }
      ],
      "AirportConditionsBeforeFreeText": false,
      "NotamDefinitions": [
        {
          "Ordinal": 1,
          "Text": "VISUAL RECOVERIES",
          "Enabled": false
        },
        {
          "Ordinal": 2,
          "Text": "RADAR TO VISUAL RECOVERIES",
          "Enabled": false
        },
        {
          "Ordinal": 3,
          "Text": "CARRY FUEL FOR RADAR",
          "Enabled": false
        },
        {
          "Ordinal": 4,
          "Text": "INSTRUMENT RECOVERIES MANDATORY",
          "Enabled": false
        },
        {
          "Ordinal": 5,
          "Text": "INSTRUMENT LANDINGS MANDATORY",
          "Enabled": false
        }
      ],
      "NotamsBeforeFreeText": false,
      "TransitionLevels": [
        {
          "Low": 1032,
          "High": 1049,
          "Altitude": 30
        },
        {
          "Low": 1013,
          "High": 1031,
          "Altitude": 30
        },
        {
          "Low": 995,
          "High": 1012,
          "Altitude": 35
        },
        {
          "Low": 977,
          "High": 994,
          "Altitude": 40
        },
        {
          "Low": 959,
          "High": 976,
          "Altitude": 45
        },
        {
          "Low": 940,
          "High": 958,
          "Altitude": 50
        }
      ],
      "UseFaaFormat": false,

      "UseNotamPrefix": false,
      "UseTransitionLevelPrefix": true,
      "UseMetricUnits": false,
      "UseSurfaceWindPrefix": true,
      "UseVisibilitySuffix": true,
      "UseDecimalTerminology": true
    },
    {
      "Id": "600621d6-5bb3-4dd4-86e2-e27daa900070",
      "Name": "Brize Norton",
      "Identifier": "EGVN",
      "AtisType": 0,
      "Contractions": [
        {
          "String": "MARHAM",
          "Spoken": "MARR UM"
        }
      ],
      "AtisFrequency": 26500,
      "ObservationTime": {
        "Enabled": false,
        "Time": 0
      },
      "MagneticVariation": {
        "Enabled": false,
        "MagneticDegrees": 0
      },
      "AtisVoice": {
        "UseTextToSpeech": true,
        "Voice": "UK Male"
      },
      "IDSEndpoint": null,
      "Presets": [
        {
          "Name": "07",
          "AirportConditions": "",
          "Notams": "",
          "ArbitraryText": null,
          "Template": "THIS IS BRIZE NORTON INFORMATION CODE [ATIS_CODE] AT TIME [OBS_TIME]. RUNWAY IN USE ZERO SEVEN.  [WIND]. [VIS]. [PRESENT_WX]. [CLOUDS]. [TEMP]. [DEW]. [PRESSURE]. [ARPT_COND]. [NOTAMS]. END OF BRIZE NORTON INFORMATION CODE [ATIS_CODE].",
          "ExternalGenerator": {
            "Url": null,
            "Arrival": null,
            "Departure": null,
            "Approaches": null,
            "Remarks": null
          }
        },
        {
          "Name": "25 RH",
          "AirportConditions": "",
          "Notams": "",
          "ArbitraryText": null,
          "Template": "THIS IS BRIZE NORTON INFORMATION CODE [ATIS_CODE] AT TIME [OBS_TIME]. RUNWAY IN USE TWO FIVE. RIGHT HAND.  [WIND]. [VIS]. [PRESENT_WX]. [CLOUDS]. [TEMP]. [DEW]. [PRESSURE]. [ARPT_COND]. [NOTAMS]. END OF BRIZE NORTON INFORMATION CODE [ATIS_CODE].",
          "ExternalGenerator": {
            "Url": null,
            "Arrival": null,
            "Departure": null,
            "Approaches": null,
            "Remarks": null
          }
        }
      ],
      "AirportConditionDefinitions": [
        {
          "Ordinal": 4,
          "Text": "COLOUR CODE BLUE",
          "Enabled": true
        },
        {
          "Ordinal": 5,
          "Text": "COLOUR CODE WHITE",
          "Enabled": false
        },
        {
          "Ordinal": 6,
          "Text": "COLOUR CODE GREEN",
          "Enabled": false
        },
        {
          "Ordinal": 7,
          "Text": "COLOUR CODE YELLOW ONE",
          "Enabled": false
        },
        {
          "Ordinal": 8,
          "Text": "COLOUR CODE YELLOW TWO",
          "Enabled": false
        },
        {
          "Ordinal": 9,
          "Text": "COLOUR CODE AMBER",
          "Enabled": false
        },
        {
          "Ordinal": 10,
          "Text": "COLOUR CODE RED",
          "Enabled": false
        }
      ],
      "AirportConditionsBeforeFreeText": false,
      "NotamDefinitions": [
        {
          "Ordinal": 1,
          "Text": "VISUAL RECOVERIES",
          "Enabled": false
        },
        {
          "Ordinal": 2,
          "Text": "RADAR TO VISUAL RECOVERIES",
          "Enabled": false
        },
        {
          "Ordinal": 3,
          "Text": "CARRY FUEL FOR RADAR",
          "Enabled": false
        },
        {
          "Ordinal": 4,
          "Text": "INSTRUMENT RECOVERIES MANDATORY",
          "Enabled": false
        },
        {
          "Ordinal": 5,
          "Text": "INSTRUMENT LANDINGS MANDATORY",
          "Enabled": false
        }
      ],
      "NotamsBeforeFreeText": false,
      "TransitionLevels": [
        {
          "Low": 1032,
          "High": 1049,
          "Altitude": 65
        },
        {
          "Low": 1013,
          "High": 1031,
          "Altitude": 70
        },
        {
          "Low": 995,
          "High": 1012,
          "Altitude": 75
        },
        {
          "Low": 977,
          "High": 994,
          "Altitude": 80
        },
        {
          "Low": 959,
          "High": 976,
          "Altitude": 85
        },
        {
          "Low": 940,
          "High": 958,
          "Altitude": 90
        }
      ],
      "UseFaaFormat": false,

      "UseNotamPrefix": false,
      "UseTransitionLevelPrefix": true,
      "UseMetricUnits": false,
      "UseSurfaceWindPrefix": true,
      "UseVisibilitySuffix": true,
      "UseDecimalTerminology": true
    },
    {
      "Id": "6766a50a-3ee7-4f47-b550-eba69194558d",
      "Name": "Lossiemouth",
      "Identifier": "EGQS",
      "AtisType": 0,
      "Contractions": [
        {
          "String": "MARHAM",
          "Spoken": "MARR UM"
        }
      ],
      "AtisFrequency": 20825,
      "ObservationTime": {
        "Enabled": false,
        "Time": 0
      },
      "MagneticVariation": {
        "Enabled": false,
        "MagneticDegrees": 0
      },
      "AtisVoice": {
        "UseTextToSpeech": true,
        "Voice": "UK Male"
      },
      "IDSEndpoint": null,
      "Presets": [
        {
          "Name": "05",
          "AirportConditions": "",
          "Notams": "",
          "ArbitraryText": null,
          "Template": "THIS IS LOSSIEMOUTH INFORMATION CODE [ATIS_CODE] AT TIME [OBS_TIME]. RUNWAY IN USE ZERO FIVE.  [WIND]. [VIS]. [PRESENT_WX]. [CLOUDS]. [TEMP]. [DEW]. [PRESSURE]. [ARPT_COND]. [NOTAMS]. END OF LOSSIEMOUTH INFORMATION CODE [ATIS_CODE].",
          "ExternalGenerator": {
            "Url": null,
            "Arrival": null,
            "Departure": null,
            "Approaches": null,
            "Remarks": null
          }
        },
        {
          "Name": "23",
          "AirportConditions": "",
          "Notams": "",
          "ArbitraryText": null,
          "Template": "THIS IS LOSSIEMOUTH INFORMATION CODE [ATIS_CODE] AT TIME [OBS_TIME]. RUNWAY IN USE TWO THREE.  [WIND]. [VIS]. [PRESENT_WX]. [CLOUDS]. [TEMP]. [DEW]. [PRESSURE]. [ARPT_COND]. [NOTAMS]. END OF LOSSIEMOUTH INFORMATION CODE [ATIS_CODE].",
          "ExternalGenerator": {
            "Url": null,
            "Arrival": null,
            "Departure": null,
            "Approaches": null,
            "Remarks": null
          }
        },
        {
          "Name": "10 RH",
          "AirportConditions": "",
          "Notams": "",
          "ArbitraryText": null,
          "Template": "THIS IS LOSSIEMOUTH INFORMATION CODE [ATIS_CODE] AT TIME [OBS_TIME]. RUNWAY IN USE ONE ZERO. RIGHT HAND.  [WIND]. [VIS]. [PRESENT_WX]. [CLOUDS]. [TEMP]. [DEW]. [PRESSURE]. [ARPT_COND]. [NOTAMS]. END OF LOSSIEMOUTH INFORMATION CODE [ATIS_CODE].",
          "ExternalGenerator": {
            "Url": null,
            "Arrival": null,
            "Departure": null,
            "Approaches": null,
            "Remarks": null
          }
        },
        {
          "Name": "28",
          "AirportConditions": "",
          "Notams": "",
          "ArbitraryText": null,
          "Template": "THIS IS LOSSIEMOUTH INFORMATION CODE [ATIS_CODE] AT TIME [OBS_TIME]. RUNWAY IN USE TWO EIGHT.  [WIND]. [VIS]. [PRESENT_WX]. [CLOUDS]. [TEMP]. [DEW]. [PRESSURE]. [ARPT_COND]. [NOTAMS]. END OF LOSSIEMOUTH INFORMATION CODE [ATIS_CODE].",
          "ExternalGenerator": {
            "Url": null,
            "Arrival": null,
            "Departure": null,
            "Approaches": null,
            "Remarks": null
          }
        }
      ],
      "AirportConditionDefinitions": [
        {
          "Ordinal": 4,
          "Text": "COLOUR CODE BLUE",
          "Enabled": true
        },
        {
          "Ordinal": 5,
          "Text": "COLOUR CODE WHITE",
          "Enabled": false
        },
        {
          "Ordinal": 6,
          "Text": "COLOUR CODE GREEN",
          "Enabled": false
        },
        {
          "Ordinal": 7,
          "Text": "COLOUR CODE YELLOW ONE",
          "Enabled": false
        },
        {
          "Ordinal": 8,
          "Text": "COLOUR CODE YELLOW TWO",
          "Enabled": false
        },
        {
          "Ordinal": 9,
          "Text": "COLOUR CODE AMBER",
          "Enabled": false
        },
        {
          "Ordinal": 10,
          "Text": "COLOUR CODE RED",
          "Enabled": false
        }
      ],
      "AirportConditionsBeforeFreeText": false,
      "NotamDefinitions": [
        {
          "Ordinal": 1,
          "Text": "VISUAL RECOVERIES",
          "Enabled": false
        },
        {
          "Ordinal": 2,
          "Text": "RADAR TO VISUAL RECOVERIES",
          "Enabled": false
        },
        {
          "Ordinal": 3,
          "Text": "CARRY FUEL FOR RADAR",
          "Enabled": false
        },
        {
          "Ordinal": 4,
          "Text": "INSTRUMENT RECOVERIES MANDATORY",
          "Enabled": false
        },
        {
          "Ordinal": 5,
          "Text": "INSTRUMENT LANDINGS MANDATORY",
          "Enabled": false
        }
      ],
      "NotamsBeforeFreeText": false,
      "TransitionLevels": [
        {
          "Low": 1032,
          "High": 1049,
          "Altitude": 30
        },
        {
          "Low": 1013,
          "High": 1031,
          "Altitude": 30
        },
        {
          "Low": 995,
          "High": 1012,
          "Altitude": 35
        },
        {
          "Low": 977,
          "High": 994,
          "Altitude": 40
        },
        {
          "Low": 959,
          "High": 976,
          "Altitude": 45
        },
        {
          "Low": 940,
          "High": 958,
          "Altitude": 50
        }
      ],
      "UseFaaFormat": false,

      "UseNotamPrefix": false,
      "UseTransitionLevelPrefix": true,
      "UseMetricUnits": false,
      "UseSurfaceWindPrefix": true,
      "UseVisibilitySuffix": true,
      "UseDecimalTerminology": true
    },
    {
      "Id": "7db956f8-7447-4cae-b326-9f8dc1286848",
      "Name": "Valley",
      "Identifier": "EGOV",
      "AtisType": 0,
      "Contractions": [
        {
          "String": "MARHAM",
          "Spoken": "MARR UM"
        }
      ],
      "AtisFrequency": 20725,
      "ObservationTime": {
        "Enabled": false,
        "Time": 0
      },
      "MagneticVariation": {
        "Enabled": false,
        "MagneticDegrees": 0
      },
      "AtisVoice": {
        "UseTextToSpeech": true,
        "Voice": "UK Male"
      },
      "IDSEndpoint": null,
      "Presets": [
        {
          "Name": "13",
          "AirportConditions": "",
          "Notams": "",
          "ArbitraryText": null,
          "Template": "THIS IS VALLEY INFORMATION CODE [ATIS_CODE] AT TIME [OBS_TIME]. RUNWAY IN USE ONE THREE.  [WIND]. [VIS]. [PRESENT_WX]. [CLOUDS]. [TEMP]. [DEW]. [PRESSURE]. [ARPT_COND]. [NOTAMS]. END OF VALLEY INFORMATION CODE [ATIS_CODE].",
          "ExternalGenerator": {
            "Url": null,
            "Arrival": null,
            "Departure": null,
            "Approaches": null,
            "Remarks": null
          }
        },
        {
          "Name": "31 RH",
          "AirportConditions": "",
          "Notams": "",
          "ArbitraryText": null,
          "Template": "THIS IS VALLEY INFORMATION CODE [ATIS_CODE] AT TIME [OBS_TIME]. RUNWAY IN USE THREE ONE. RIGHT HAND.  [WIND]. [VIS]. [PRESENT_WX]. [CLOUDS]. [TEMP]. [DEW]. [PRESSURE]. [ARPT_COND]. [NOTAMS]. END OF VALLEY INFORMATION CODE [ATIS_CODE].",
          "ExternalGenerator": {
            "Url": null,
            "Arrival": null,
            "Departure": null,
            "Approaches": null,
            "Remarks": null
          }
        },
        {
          "Name": "01",
          "AirportConditions": "",
          "Notams": "",
          "ArbitraryText": null,
          "Template": "THIS IS VALLEY INFORMATION CODE [ATIS_CODE] AT TIME [OBS_TIME]. RUNWAY IN USE ZERO ONE.  [WIND]. [VIS]. [PRESENT_WX]. [CLOUDS]. [TEMP]. [DEW]. [PRESSURE]. [ARPT_COND]. [NOTAMS]. END OF VALLEY INFORMATION CODE [ATIS_CODE].",
          "ExternalGenerator": {
            "Url": null,
            "Arrival": null,
            "Departure": null,
            "Approaches": null,
            "Remarks": null
          }
        },
        {
          "Name": "19 RH",
          "AirportConditions": "",
          "Notams": "",
          "ArbitraryText": null,
          "Template": "THIS IS VALLEY INFORMATION CODE [ATIS_CODE] AT TIME [OBS_TIME]. RUNWAY IN USE ONE NINE. RIGHT HAND.  [WIND]. [VIS]. [PRESENT_WX]. [CLOUDS]. [TEMP]. [DEW]. [PRESSURE]. [ARPT_COND]. [NOTAMS]. END OF VALLEY INFORMATION CODE [ATIS_CODE].",
          "ExternalGenerator": {
            "Url": null,
            "Arrival": null,
            "Departure": null,
            "Approaches": null,
            "Remarks": null
          }
        }
      ],
      "AirportConditionDefinitions": [
        {
          "Ordinal": 4,
          "Text": "COLOUR CODE BLUE",
          "Enabled": true
        },
        {
          "Ordinal": 5,
          "Text": "COLOUR CODE WHITE",
          "Enabled": false
        },
        {
          "Ordinal": 6,
          "Text": "COLOUR CODE GREEN",
          "Enabled": false
        },
        {
          "Ordinal": 7,
          "Text": "COLOUR CODE YELLOW ONE",
          "Enabled": false
        },
        {
          "Ordinal": 8,
          "Text": "COLOUR CODE YELLOW TWO",
          "Enabled": false
        },
        {
          "Ordinal": 9,
          "Text": "COLOUR CODE AMBER",
          "Enabled": false
        },
        {
          "Ordinal": 10,
          "Text": "COLOUR CODE RED",
          "Enabled": false
        }
      ],
      "AirportConditionsBeforeFreeText": false,
      "NotamDefinitions": [
        {
          "Ordinal": 1,
          "Text": "VISUAL RECOVERIES",
          "Enabled": false
        },
        {
          "Ordinal": 2,
          "Text": "RADAR TO VISUAL RECOVERIES",
          "Enabled": false
        },
        {
          "Ordinal": 3,
          "Text": "CARRY FUEL FOR RADAR",
          "Enabled": false
        },
        {
          "Ordinal": 4,
          "Text": "INSTRUMENT RECOVERIES MANDATORY",
          "Enabled": false
        },
        {
          "Ordinal": 5,
          "Text": "INSTRUMENT LANDINGS MANDATORY",
          "Enabled": false
        }
      ],
      "NotamsBeforeFreeText": false,
      "TransitionLevels": [
        {
          "Low": 1032,
          "High": 1049,
          "Altitude": 30
        },
        {
          "Low": 1013,
          "High": 1031,
          "Altitude": 30
        },
        {
          "Low": 995,
          "High": 1012,
          "Altitude": 35
        },
        {
          "Low": 977,
          "High": 994,
          "Altitude": 40
        },
        {
          "Low": 959,
          "High": 976,
          "Altitude": 45
        },
        {
          "Low": 940,
          "High": 958,
          "Altitude": 50
        }
      ],
      "UseFaaFormat": false,

      "UseNotamPrefix": false,
      "UseTransitionLevelPrefix": true,
      "UseMetricUnits": false,
      "UseSurfaceWindPrefix": true,
      "UseVisibilitySuffix": true,
      "UseDecimalTerminology": true
    },
    {
      "Id": "df6b8e8d-c6e2-47e3-a43d-fd122fb3e797",
      "Name": "Marham",
      "Identifier": "EGYM",
      "AtisType": 0,
      "Contractions": [
        {
          "String": "MARHAM",
          "Spoken": "MARR UM"
        }
      ],
      "AtisFrequency": 19025,
      "ObservationTime": {
        "Enabled": false,
        "Time": 0
      },
      "MagneticVariation": {
        "Enabled": false,
        "MagneticDegrees": 0
      },
      "AtisVoice": {
        "UseTextToSpeech": true,
        "Voice": "UK Male"
      },
      "IDSEndpoint": null,
      "Presets": [
        {
          "Name": "06 RH",
          "AirportConditions": "",
          "Notams": "",
          "ArbitraryText": null,
          "Template": "THIS IS MARHAM INFORMATION CODE [ATIS_CODE] AT TIME [OBS_TIME]. RUNWAY IN USE ZERO SIX. RIGHT HAND.  [WIND]. [VIS]. [PRESENT_WX]. [CLOUDS]. [TEMP]. [DEW]. [PRESSURE]. [ARPT_COND]. [NOTAMS]. END OF MARHAM INFORMATION CODE [ATIS_CODE].",
          "ExternalGenerator": {
            "Url": null,
            "Arrival": null,
            "Departure": null,
            "Approaches": null,
            "Remarks": null
          }
        },
        {
          "Name": "24",
          "AirportConditions": "",
          "Notams": "",
          "ArbitraryText": null,
          "Template": "THIS IS MARHAM INFORMATION CODE [ATIS_CODE] AT TIME [OBS_TIME]. RUNWAY IN USE TWO FOUR.  [WIND]. [VIS]. [PRESENT_WX]. [CLOUDS]. [TEMP]. [DEW]. [PRESSURE]. [ARPT_COND]. [NOTAMS]. END OF MARHAM INFORMATION CODE [ATIS_CODE].",
          "ExternalGenerator": {
            "Url": null,
            "Arrival": null,
            "Departure": null,
            "Approaches": null,
            "Remarks": null
          }
        },
        {
          "Name": "01",
          "AirportConditions": "",
          "Notams": "",
          "ArbitraryText": null,
          "Template": "THIS IS MARHAM INFORMATION CODE [ATIS_CODE] AT TIME [OBS_TIME]. RUNWAY IN USE ZERO ONE.  [WIND]. [VIS]. [PRESENT_WX]. [CLOUDS]. [TEMP]. [DEW]. [PRESSURE]. [ARPT_COND]. [NOTAMS]. END OF MARHAM INFORMATION CODE [ATIS_CODE].",
          "ExternalGenerator": {
            "Url": null,
            "Arrival": null,
            "Departure": null,
            "Approaches": null,
            "Remarks": null
          }
        },
        {
          "Name": "19 RH",
          "AirportConditions": "",
          "Notams": "",
          "ArbitraryText": null,
          "Template": "THIS IS MARHAM INFORMATION CODE [ATIS_CODE] AT TIME [OBS_TIME]. RUNWAY IN USE ONE NINE. RIGHT HAND.  [WIND]. [VIS]. [PRESENT_WX]. [CLOUDS]. [TEMP]. [DEW]. [PRESSURE]. [ARPT_COND]. [NOTAMS]. END OF MARHAM INFORMATION CODE [ATIS_CODE].",
          "ExternalGenerator": {
            "Url": null,
            "Arrival": null,
            "Departure": null,
            "Approaches": null,
            "Remarks": null
          }
        }
      ],
      "AirportConditionDefinitions": [
        {
          "Ordinal": 4,
          "Text": "COLOUR CODE BLUE",
          "Enabled": true
        },
        {
          "Ordinal": 5,
          "Text": "COLOUR CODE WHITE",
          "Enabled": false
        },
        {
          "Ordinal": 6,
          "Text": "COLOUR CODE GREEN",
          "Enabled": false
        },
        {
          "Ordinal": 7,
          "Text": "COLOUR CODE YELLOW ONE",
          "Enabled": false
        },
        {
          "Ordinal": 8,
          "Text": "COLOUR CODE YELLOW TWO",
          "Enabled": false
        },
        {
          "Ordinal": 9,
          "Text": "COLOUR CODE AMBER",
          "Enabled": false
        },
        {
          "Ordinal": 10,
          "Text": "COLOUR CODE RED",
          "Enabled": false
        }
      ],
      "AirportConditionsBeforeFreeText": false,
      "NotamDefinitions": [
        {
          "Ordinal": 1,
          "Text": "VISUAL RECOVERIES",
          "Enabled": false
        },
        {
          "Ordinal": 2,
          "Text": "RADAR TO VISUAL RECOVERIES",
          "Enabled": false
        },
        {
          "Ordinal": 3,
          "Text": "CARRY FUEL FOR RADAR",
          "Enabled": false
        },
        {
          "Ordinal": 4,
          "Text": "INSTRUMENT RECOVERIES MANDATORY",
          "Enabled": false
        },
        {
          "Ordinal": 5,
          "Text": "INSTRUMENT LANDINGS MANDATORY",
          "Enabled": false
        }
      ],
      "NotamsBeforeFreeText": false,
      "TransitionLevels": [
        {
          "Low": 1032,
          "High": 1049,
          "Altitude": 30
        },
        {
          "Low": 1013,
          "High": 1031,
          "Altitude": 30
        },
        {
          "Low": 995,
          "High": 1012,
          "Altitude": 35
        },
        {
          "Low": 977,
          "High": 994,
          "Altitude": 40
        },
        {
          "Low": 959,
          "High": 976,
          "Altitude": 45
        },
        {
          "Low": 940,
          "High": 958,
          "Altitude": 50
        }
      ],
      "UseFaaFormat": false,

      "UseNotamPrefix": false,
      "UseTransitionLevelPrefix": true,
      "UseMetricUnits": false,
      "UseSurfaceWindPrefix": true,
      "UseVisibilitySuffix": true,
      "UseDecimalTerminology": true
    },
    {
      "Id": "1dd36afb-9bc0-41b8-802d-b6b35a4579ec",
      "Name": "Cranwell",
      "Identifier": "EGYD",
      "AtisType": 0,
      "Contractions": [
        {
          "String": "MARHAM",
          "Spoken": "MARR UM"
        }
      ],
      "AtisFrequency": 26325,
      "ObservationTime": {
        "Enabled": false,
        "Time": 0
      },
      "MagneticVariation": {
        "Enabled": false,
        "MagneticDegrees": 0
      },
      "AtisVoice": {
        "UseTextToSpeech": true,
        "Voice": "UK Male"
      },
      "IDSEndpoint": null,
      "Presets": [
        {
          "Name": "08 RH",
          "AirportConditions": "",
          "Notams": "",
          "ArbitraryText": null,
          "Template": "THIS IS CRANWELL INFORMATION CODE [ATIS_CODE] AT TIME [OBS_TIME]. RUNWAY IN USE ZERO EIGHT. RIGHT HAND.  [WIND]. [VIS]. [PRESENT_WX]. [CLOUDS]. [TEMP]. [DEW]. [PRESSURE]. [ARPT_COND]. [NOTAMS]. END OF CRANWELL INFORMATION CODE [ATIS_CODE].",
          "ExternalGenerator": {
            "Url": null,
            "Arrival": null,
            "Departure": null,
            "Approaches": null,
            "Remarks": null
          }
        },
        {
          "Name": "26",
          "AirportConditions": "",
          "Notams": "",
          "ArbitraryText": null,
          "Template": "THIS IS CRANWELL INFORMATION CODE [ATIS_CODE] AT TIME [OBS_TIME]. RUNWAY IN USE TWO SIX.  [WIND]. [VIS]. [PRESENT_WX]. [CLOUDS]. [TEMP]. [DEW]. [PRESSURE]. [ARPT_COND]. [NOTAMS]. END OF CRANWELL INFORMATION CODE [ATIS_CODE].",
          "ExternalGenerator": {
            "Url": null,
            "Arrival": null,
            "Departure": null,
            "Approaches": null,
            "Remarks": null
          }
        },
        {
          "Name": "01",
          "AirportConditions": "",
          "Notams": "",
          "ArbitraryText": null,
          "Template": "THIS IS CRANWELL INFORMATION CODE [ATIS_CODE] AT TIME [OBS_TIME]. RUNWAY IN USE ZERO ONE.  [WIND]. [VIS]. [PRESENT_WX]. [CLOUDS]. [TEMP]. [DEW]. [PRESSURE]. [ARPT_COND]. [NOTAMS]. END OF CRANWELL INFORMATION CODE [ATIS_CODE].",
          "ExternalGenerator": {
            "Url": null,
            "Arrival": null,
            "Departure": null,
            "Approaches": null,
            "Remarks": null
          }
        },
        {
          "Name": "19 RH",
          "AirportConditions": "",
          "Notams": "",
          "ArbitraryText": null,
          "Template": "THIS IS CRANWELL INFORMATION CODE [ATIS_CODE] AT TIME [OBS_TIME]. RUNWAY IN USE ONE NINE. RIGHT HAND.  [WIND]. [VIS]. [PRESENT_WX]. [CLOUDS]. [TEMP]. [DEW]. [PRESSURE]. [ARPT_COND]. [NOTAMS]. END OF CRANWELL INFORMATION CODE [ATIS_CODE].",
          "ExternalGenerator": {
            "Url": null,
            "Arrival": null,
            "Departure": null,
            "Approaches": null,
            "Remarks": null
          }
        }
      ],
      "AirportConditionDefinitions": [
        {
          "Ordinal": 4,
          "Text": "COLOUR CODE BLUE",
          "Enabled": true
        },
        {
          "Ordinal": 5,
          "Text": "COLOUR CODE WHITE",
          "Enabled": false
        },
        {
          "Ordinal": 6,
          "Text": "COLOUR CODE GREEN",
          "Enabled": false
        },
        {
          "Ordinal": 7,
          "Text": "COLOUR CODE YELLOW ONE",
          "Enabled": false
        },
        {
          "Ordinal": 8,
          "Text": "COLOUR CODE YELLOW TWO",
          "Enabled": false
        },
        {
          "Ordinal": 9,
          "Text": "COLOUR CODE AMBER",
          "Enabled": false
        },
        {
          "Ordinal": 10,
          "Text": "COLOUR CODE RED",
          "Enabled": false
        }
      ],
      "AirportConditionsBeforeFreeText": false,
      "NotamDefinitions": [
        {
          "Ordinal": 1,
          "Text": "VISUAL RECOVERIES",
          "Enabled": false
        },
        {
          "Ordinal": 2,
          "Text": "RADAR TO VISUAL RECOVERIES",
          "Enabled": false
        },
        {
          "Ordinal": 3,
          "Text": "CARRY FUEL FOR RADAR",
          "Enabled": false
        },
        {
          "Ordinal": 4,
          "Text": "INSTRUMENT RECOVERIES MANDATORY",
          "Enabled": false
        },
        {
          "Ordinal": 5,
          "Text": "INSTRUMENT LANDINGS MANDATORY",
          "Enabled": false
        }
      ],
      "NotamsBeforeFreeText": false,
      "TransitionLevels": [
        {
          "Low": 1032,
          "High": 1049,
          "Altitude": 30
        },
        {
          "Low": 1013,
          "High": 1031,
          "Altitude": 30
        },
        {
          "Low": 995,
          "High": 1012,
          "Altitude": 35
        },
        {
          "Low": 977,
          "High": 994,
          "Altitude": 40
        },
        {
          "Low": 959,
          "High": 976,
          "Altitude": 45
        },
        {
          "Low": 940,
          "High": 958,
          "Altitude": 50
        }
      ],
      "UseFaaFormat": false,

      "UseNotamPrefix": false,
      "UseTransitionLevelPrefix": true,
      "UseMetricUnits": false,
      "UseSurfaceWindPrefix": true,
      "UseVisibilitySuffix": true,
      "UseDecimalTerminology": true
    },
    {
      "Id": "a8fa6e5b-2f6e-45cb-99f2-c1ddb8c2099f",
      "Name": "Fairford",
      "Identifier": "EGVA",
      "AtisType": 0,
      "Contractions": [
        {
          "String": "MARHAM",
          "Spoken": "MARR UM"
        }
      ],
      "AtisFrequency": 35450,
      "ObservationTime": {
        "Enabled": false,
        "Time": 0
      },
      "MagneticVariation": {
        "Enabled": false,
        "MagneticDegrees": 0
      },
      "AtisVoice": {
        "UseTextToSpeech": true,
        "Voice": "UK Male"
      },
      "IDSEndpoint": null,
      "Presets": [
        {
          "Name": "09",
          "AirportConditions": "",
          "Notams": "",
          "ArbitraryText": null,
          "Template": "THIS IS FAIRFORD INFORMATION CODE [ATIS_CODE] AT TIME [OBS_TIME]. RUNWAY IN USE ZERO NINE.  [WIND]. [VIS]. [PRESENT_WX]. [CLOUDS]. [TEMP]. [DEW]. [PRESSURE]. [ARPT_COND]. [NOTAMS]. END OF FAIRFORD INFORMATION CODE [ATIS_CODE].",
          "ExternalGenerator": {
            "Url": null,
            "Arrival": null,
            "Departure": null,
            "Approaches": null,
            "Remarks": null
          }
        },
        {
          "Name": "27 RH",
          "AirportConditions": "",
          "Notams": "",
          "ArbitraryText": null,
          "Template": "THIS IS FAIRFORD INFORMATION CODE [ATIS_CODE] AT TIME [OBS_TIME]. RUNWAY IN USE TWO SEVEN. RIGHT HAND.  [WIND]. [VIS]. [PRESENT_WX]. [CLOUDS]. [TEMP]. [DEW]. [PRESSURE]. [ARPT_COND]. [NOTAMS]. END OF FAIRFORD INFORMATION CODE [ATIS_CODE].",
          "ExternalGenerator": {
            "Url": null,
            "Arrival": null,
            "Departure": null,
            "Approaches": null,
            "Remarks": null
          }
        }
      ],
      "AirportConditionDefinitions": [
        {
          "Ordinal": 4,
          "Text": "COLOUR CODE BLUE",
          "Enabled": true
        },
        {
          "Ordinal": 5,
          "Text": "COLOUR CODE WHITE",
          "Enabled": false
        },
        {
          "Ordinal": 6,
          "Text": "COLOUR CODE GREEN",
          "Enabled": false
        },
        {
          "Ordinal": 7,
          "Text": "COLOUR CODE YELLOW ONE",
          "Enabled": false
        },
        {
          "Ordinal": 8,
          "Text": "COLOUR CODE YELLOW TWO",
          "Enabled": false
        },
        {
          "Ordinal": 9,
          "Text": "COLOUR CODE AMBER",
          "Enabled": false
        },
        {
          "Ordinal": 10,
          "Text": "COLOUR CODE RED",
          "Enabled": false
        }
      ],
      "AirportConditionsBeforeFreeText": false,
      "NotamDefinitions": [
        {
          "Ordinal": 1,
          "Text": "VISUAL RECOVERIES",
          "Enabled": false
        },
        {
          "Ordinal": 2,
          "Text": "RADAR TO VISUAL RECOVERIES",
          "Enabled": false
        },
        {
          "Ordinal": 3,
          "Text": "CARRY FUEL FOR RADAR",
          "Enabled": false
        },
        {
          "Ordinal": 4,
          "Text": "INSTRUMENT RECOVERIES MANDATORY",
          "Enabled": false
        },
        {
          "Ordinal": 5,
          "Text": "INSTRUMENT LANDINGS MANDATORY",
          "Enabled": false
        }
      ],
      "NotamsBeforeFreeText": false,
      "TransitionLevels": [
        {
          "Low": 1032,
          "High": 1049,
          "Altitude": 65
        },
        {
          "Low": 1013,
          "High": 1031,
          "Altitude": 70
        },
        {
          "Low": 995,
          "High": 1012,
          "Altitude": 75
        },
        {
          "Low": 977,
          "High": 994,
          "Altitude": 80
        },
        {
          "Low": 959,
          "High": 976,
          "Altitude": 85
        },
        {
          "Low": 940,
          "High": 958,
          "Altitude": 90
        }
      ],
      "UseFaaFormat": false,

      "UseNotamPrefix": false,
      "UseTransitionLevelPrefix": true,
      "UseMetricUnits": false,
      "UseSurfaceWindPrefix": true,
      "UseVisibilitySuffix": true,
      "UseDecimalTerminology": true
    },
    {
      "Id": "31c0262f-a87f-4d5f-8e7e-b0abf7fb7cc2",
      "Name": "Warton",
      "Identifier": "EGNO",
      "AtisType": 0,
      "Contractions": [
        {
          "String": "MARHAM",
          "Spoken": "MARR UM"
        }
      ],
      "AtisFrequency": 21725,
      "ObservationTime": {
        "Enabled": false,
        "Time": 0
      },
      "MagneticVariation": {
        "Enabled": false,
        "MagneticDegrees": 0
      },
      "AtisVoice": {
        "UseTextToSpeech": true,
        "Voice": "UK Male"
      },
      "IDSEndpoint": null,
      "Presets": [
        {
          "Name": "07 RH",
          "AirportConditions": "",
          "Notams": "",
          "ArbitraryText": null,
          "Template": "THIS IS WARTON INFORMATION CODE [ATIS_CODE] AT TIME [OBS_TIME]. RUNWAY IN USE ZERO SEVEN. RIGHT HAND.  [WIND]. [VIS]. [PRESENT_WX]. [CLOUDS]. [TEMP]. [DEW]. [PRESSURE]. [ARPT_COND]. [NOTAMS]. END OF WARTON INFORMATION CODE [ATIS_CODE].",
          "ExternalGenerator": {
            "Url": null,
            "Arrival": null,
            "Departure": null,
            "Approaches": null,
            "Remarks": null
          }
        },
        {
          "Name": "25",
          "AirportConditions": "",
          "Notams": "",
          "ArbitraryText": null,
          "Template": "THIS IS WARTON INFORMATION CODE [ATIS_CODE] AT TIME [OBS_TIME]. RUNWAY IN USE TWO FIVE.  [WIND]. [VIS]. [PRESENT_WX]. [CLOUDS]. [TEMP]. [DEW]. [PRESSURE]. [ARPT_COND]. [NOTAMS]. END OF WARTON INFORMATION CODE [ATIS_CODE].",
          "ExternalGenerator": {
            "Url": null,
            "Arrival": null,
            "Departure": null,
            "Approaches": null,
            "Remarks": null
          }
        }
      ],
      "AirportConditionDefinitions": [
        {
          "Ordinal": 4,
          "Text": "COLOUR CODE BLUE",
          "Enabled": true
        },
        {
          "Ordinal": 5,
          "Text": "COLOUR CODE WHITE",
          "Enabled": false
        },
        {
          "Ordinal": 6,
          "Text": "COLOUR CODE GREEN",
          "Enabled": false
        },
        {
          "Ordinal": 7,
          "Text": "COLOUR CODE YELLOW ONE",
          "Enabled": false
        },
        {
          "Ordinal": 8,
          "Text": "COLOUR CODE YELLOW TWO",
          "Enabled": false
        },
        {
          "Ordinal": 9,
          "Text": "COLOUR CODE AMBER",
          "Enabled": false
        },
        {
          "Ordinal": 10,
          "Text": "COLOUR CODE RED",
          "Enabled": false
        }
      ],
      "AirportConditionsBeforeFreeText": false,
      "NotamDefinitions": [
        {
          "Ordinal": 1,
          "Text": "VISUAL RECOVERIES",
          "Enabled": false
        },
        {
          "Ordinal": 2,
          "Text": "RADAR TO VISUAL RECOVERIES",
          "Enabled": false
        },
        {
          "Ordinal": 3,
          "Text": "CARRY FUEL FOR RADAR",
          "Enabled": false
        },
        {
          "Ordinal": 4,
          "Text": "INSTRUMENT RECOVERIES MANDATORY",
          "Enabled": false
        },
        {
          "Ordinal": 5,
          "Text": "INSTRUMENT LANDINGS MANDATORY",
          "Enabled": false
        }
      ],
      "NotamsBeforeFreeText": false,
      "TransitionLevels": [
        {
          "Low": 1032,
          "High": 1049,
          "Altitude": 30
        },
        {
          "Low": 1013,
          "High": 1031,
          "Altitude": 30
        },
        {
          "Low": 995,
          "High": 1012,
          "Altitude": 35
        },
        {
          "Low": 977,
          "High": 994,
          "Altitude": 40
        },
        {
          "Low": 959,
          "High": 976,
          "Altitude": 45
        },
        {
          "Low": 940,
          "High": 958,
          "Altitude": 50
        }
      ],
      "UseFaaFormat": false,

      "UseNotamPrefix": false,
      "UseTransitionLevelPrefix": true,
      "UseMetricUnits": false,
      "UseSurfaceWindPrefix": true,
      "UseVisibilitySuffix": true,
      "UseDecimalTerminology": true
    },
    {
      "Id": "bba8dbfb-ee76-45fd-bf69-bf1cbdb32371",
      "Name": "Northolt",
      "Identifier": "EGWU",
      "AtisType": 0,
      "Contractions": [
        {
          "String": "MARHAM",
          "Spoken": "MARR UM"
        }
      ],
      "AtisFrequency": 25125,
      "ObservationTime": {
        "Enabled": false,
        "Time": 0
      },
      "MagneticVariation": {
        "Enabled": false,
        "MagneticDegrees": 0
      },
      "AtisVoice": {
        "UseTextToSpeech": true,
        "Voice": "UK Male"
      },
      "IDSEndpoint": null,
      "Presets": [
        {
          "Name": "07",
          "AirportConditions": "",
          "Notams": "",
          "ArbitraryText": null,
          "Template": "THIS IS NORTHOLT INFORMATION CODE [ATIS_CODE] AT TIME [OBS_TIME]. RUNWAY IN USE ZERO SEVEN.  [WIND]. [VIS]. [PRESENT_WX]. [CLOUDS]. [TEMP]. [DEW]. [PRESSURE]. [ARPT_COND]. [NOTAMS]. END OF NORTHOLT INFORMATION CODE [ATIS_CODE].",
          "ExternalGenerator": {
            "Url": null,
            "Arrival": null,
            "Departure": null,
            "Approaches": null,
            "Remarks": null
          }
        },
        {
          "Name": "25 RH",
          "AirportConditions": "",
          "Notams": "",
          "ArbitraryText": null,
          "Template": "THIS IS NORTHOLT INFORMATION CODE [ATIS_CODE] AT TIME [OBS_TIME]. RUNWAY IN USE TWO FIVE. RIGHT HAND.  [WIND]. [VIS]. [PRESENT_WX]. [CLOUDS]. [TEMP]. [DEW]. [PRESSURE]. [ARPT_COND]. [NOTAMS]. END OF NORTHOLT INFORMATION CODE [ATIS_CODE].",
          "ExternalGenerator": {
            "Url": null,
            "Arrival": null,
            "Departure": null,
            "Approaches": null,
            "Remarks": null
          }
        }
      ],
      "AirportConditionDefinitions": [
        {
          "Ordinal": 4,
          "Text": "COLOUR CODE BLUE",
          "Enabled": true
        },
        {
          "Ordinal": 5,
          "Text": "COLOUR CODE WHITE",
          "Enabled": false
        },
        {
          "Ordinal": 6,
          "Text": "COLOUR CODE GREEN",
          "Enabled": false
        },
        {
          "Ordinal": 7,
          "Text": "COLOUR CODE YELLOW ONE",
          "Enabled": false
        },
        {
          "Ordinal": 8,
          "Text": "COLOUR CODE YELLOW TWO",
          "Enabled": false
        },
        {
          "Ordinal": 9,
          "Text": "COLOUR CODE AMBER",
          "Enabled": false
        },
        {
          "Ordinal": 10,
          "Text": "COLOUR CODE RED",
          "Enabled": false
        }
      ],
      "AirportConditionsBeforeFreeText": false,
      "NotamDefinitions": [
        {
          "Ordinal": 1,
          "Text": "VISUAL RECOVERIES",
          "Enabled": false
        },
        {
          "Ordinal": 2,
          "Text": "RADAR TO VISUAL RECOVERIES",
          "Enabled": false
        },
        {
          "Ordinal": 3,
          "Text": "CARRY FUEL FOR RADAR",
          "Enabled": false
        },
        {
          "Ordinal": 4,
          "Text": "INSTRUMENT RECOVERIES MANDATORY",
          "Enabled": false
        },
        {
          "Ordinal": 5,
          "Text": "INSTRUMENT LANDINGS MANDATORY",
          "Enabled": false
        }
      ],
      "NotamsBeforeFreeText": false,
      "TransitionLevels": [
        {
          "Low": 1032,
          "High": 1049,
          "Altitude": 65
        },
        {
          "Low": 1013,
          "High": 1031,
          "Altitude": 70
        },
        {
          "Low": 995,
          "High": 1012,
          "Altitude": 75
        },
        {
          "Low": 977,
          "High": 994,
          "Altitude": 80
        },
        {
          "Low": 959,
          "High": 976,
          "Altitude": 85
        },
        {
          "Low": 940,
          "High": 958,
          "Altitude": 90
        }
      ],
      "UseFaaFormat": false,

      "UseNotamPrefix": false,
      "UseTransitionLevelPrefix": true,
      "UseMetricUnits": false,
      "UseSurfaceWindPrefix": true,
      "UseVisibilitySuffix": true,
      "UseDecimalTerminology": true
    }
  ]
}